datetime,loss,threshold,anomaly,RHR
2024-07-14 06:00:00,0.05075398369387568,0.23008806890721673,False,1.029527610032457
2024-07-14 07:00:00,0.04362712423607795,0.23008806890721673,False,1.1126380354082153
2024-07-14 08:00:00,0.051160486556390744,0.23008806890721673,False,1.217133989077061
2024-07-14 16:00:00,0.05351328314800999,0.23008806890721673,False,1.5112717864854017
2024-07-15 05:00:00,0.09125520551433305,0.23008806890721673,False,1.7589625687340638
2024-07-15 06:00:00,0.11709953747431547,0.23008806890721673,False,1.768646491759523
2024-07-15 07:00:00,0.12034230462648446,0.23008806890721673,False,1.621293825182914
2024-07-15 08:00:00,0.15426023895584368,0.23008806890721673,False,1.431214119852084
2024-07-15 09:00:00,0.17172497254189908,0.23008806890721673,False,1.2084620796290342
2024-07-15 10:00:00,0.16717742993152776,0.23008806890721673,False,1.1170100768232742
2024-07-15 21:00:00,0.13099353758338142,0.23008806890721673,False,1.1138039131189015
2024-07-15 22:00:00,0.09202838542190192,0.23008806890721673,False,1.315334203108221
2024-07-16 00:00:00,0.1716505585604678,0.23008806890721673,False,1.534269381778441
2024-07-16 01:00:00,0.23008806890721673,0.23008806890721673,False,1.526253972517499
2024-07-16 02:00:00,0.2083584590485252,0.23008806890721673,False,1.517047702452082
2024-07-16 03:00:00,0.13967011321229053,0.23008806890721673,False,1.4280618412519814
2024-07-16 04:00:00,0.09640266643319959,0.23008806890721673,False,0.9619437148037177
2024-07-16 05:00:00,0.16455165043869208,0.23008806890721673,False,0.8895033176372815
2024-07-16 06:00:00,0.17025508508723108,0.23008806890721673,False,0.8395395093788927
2024-07-16 12:00:00,0.13383785518640412,0.23008806890721673,False,0.9423199572734474
2024-07-17 00:00:00,0.1512262474412774,0.23008806890721673,False,1.0515127325767473
2024-07-17 01:00:00,0.1940705907824712,0.23008806890721673,False,1.0747192508179415
2024-07-17 03:00:00,0.20480267912457037,0.23008806890721673,False,1.1754843958126038
2024-07-17 04:00:00,0.14033735114982315,0.23008806890721673,False,1.210141498712282
2024-07-17 05:00:00,0.0550082130262968,0.23008806890721673,False,1.0035451924801178
2024-07-17 09:00:00,0.0955620577392685,0.23008806890721673,False,0.9511838003309786
2024-07-17 14:00:00,0.11924620339000983,0.23008806890721673,False,0.859692538377822
2024-07-17 17:00:00,0.08983759797128338,0.23008806890721673,False,0.6213778813167102
2024-07-18 04:00:00,0.07952502882071233,0.23008806890721673,False,0.47403684708007376
2024-07-18 05:00:00,0.08878217155649876,0.23008806890721673,False,0.25949869291871686
2024-07-18 10:00:00,0.09493950933765832,0.23008806890721673,False,0.11700409417172394
2024-07-18 15:00:00,0.1071708048324491,0.23008806890721673,False,0.23195621995350668
2024-07-19 03:00:00,0.12352982795079465,0.23008806890721673,False,0.21174767296835967
2024-07-19 04:00:00,0.11770534019674044,0.23008806890721673,False,0.06584640517443578
2024-07-19 05:00:00,0.08870556502330934,0.23008806890721673,False,-0.06881247040933987
2024-07-19 06:00:00,0.08628745012015474,0.23008806890721673,False,-0.2954424419700565
2024-07-19 07:00:00,0.10697455750688378,0.23008806890721673,False,-0.4233225714360032
2024-07-19 09:00:00,0.09728648023413819,0.23008806890721673,False,-0.4375212964125262
2024-07-19 12:00:00,0.07854069593430257,0.23008806890721673,False,-0.4966063132503026
2024-07-19 13:00:00,0.06391341236628811,0.23008806890721673,False,-0.6540354943263789
2024-07-19 23:00:00,0.07323291632529151,0.23008806890721673,False,-0.7127933516024838
2024-07-20 00:00:00,0.06807725990635527,0.23008806890721673,False,-0.6221879980866232
2024-07-20 02:00:00,0.061762401090237506,0.23008806890721673,False,-0.5350802777028106
2024-07-20 03:00:00,0.06654437128896665,0.23008806890721673,False,-0.7042435817241464
2024-07-20 04:00:00,0.07482866796026366,0.23008806890721673,False,-0.7915733740528558
2024-07-20 11:00:00,0.06272716900633402,0.23008806890721673,False,-0.7954818402829512
2024-07-20 14:00:00,0.04828120542002981,0.23008806890721673,False,-0.6585175803212664
2024-07-20 23:00:00,0.06650346582757606,0.23008806890721673,False,-0.7421068483282025
2024-07-21 01:00:00,0.08377638785571585,0.23008806890721673,False,-0.8985010155182654
2024-07-21 02:00:00,0.0710861377524225,0.23008806890721673,False,-0.8717626992304209
2024-07-21 03:00:00,0.06583464134325977,0.23008806890721673,False,-0.8960027061382296
2024-07-21 04:00:00,0.041655581024897304,0.23008806890721673,False,-0.9170717819098368
2024-07-21 05:00:00,0.04871229411114686,0.23008806890721673,False,-0.9442478361659791
2024-07-21 06:00:00,0.056257213481159946,0.23008806890721673,False,-0.9683704011798511
2024-07-21 07:00:00,0.061820487156113005,0.23008806890721673,False,-0.9647062140891343
2024-07-21 08:00:00,0.04538965416952724,0.23008806890721673,False,-0.950232675080809
2024-07-21 11:00:00,0.038402738472317274,0.23008806890721673,False,-0.9216520157732367
2024-07-21 22:00:00,0.0431979818257608,0.23008806890721673,False,-0.9673322148374787
2024-07-21 23:00:00,0.039670253885432785,0.23008806890721673,False,-1.2184511701211458
2024-07-22 00:00:00,0.06831650415453867,0.23008806890721673,False,-1.1446178002432366
2024-07-22 03:00:00,0.07914374334556311,0.23008806890721673,False,-1.1620790610332163
2024-07-22 04:00:00,0.07955478681756031,0.23008806890721673,False,-1.2388332108132445
2024-07-22 06:00:00,0.08276930090972393,0.23008806890721673,False,-1.2941777033292476
2024-07-22 07:00:00,0.08512677936036761,0.23008806890721673,False,-1.3393693441147374
2024-07-22 15:00:00,0.08337853712000687,0.23008806890721673,False,-1.2800095132451483
2024-07-22 21:00:00,0.0654398570480038,0.23008806890721673,False,-1.1593661532833641
2024-07-22 22:00:00,0.05508945046452826,0.23008806890721673,False,-0.9978671072601012
2024-07-22 23:00:00,0.08355649001901565,0.23008806890721673,False,-0.9161557351371642
2024-07-23 00:00:00,0.11075708019806144,0.23008806890721673,False,-0.8987508464562686
2024-07-23 02:00:00,0.11106652020625321,0.23008806890721673,False,-0.8818039811617067
2024-07-23 03:00:00,0.11662172172218854,0.23008806890721673,False,-0.8886743319568012
2024-07-23 09:00:00,0.10082250411038644,0.23008806890721673,False,-0.8307801759235
2024-07-23 10:00:00,0.07551396774492333,0.23008806890721673,False,-0.7824129063260664
2024-07-23 15:00:00,0.05800061495747989,0.23008806890721673,False,-0.8776817706846561
2024-07-23 19:00:00,0.04011728541398063,0.23008806890721673,False,-0.7836343020229702
2024-07-23 20:00:00,0.04399782743323738,0.23008806890721673,False,-0.6950831139973622
2024-07-24 02:00:00,0.058257203754646464,0.23008806890721673,False,-0.7305035892076106
2024-07-24 03:00:00,0.06443354384201638,0.23008806890721673,False,-0.8251617557177432
2024-07-24 04:00:00,0.056879558185227344,0.23008806890721673,False,-0.9112701523495383
2024-07-24 06:00:00,0.060297458981456525,0.23008806890721673,False,-1.0178369269044991
2024-07-24 07:00:00,0.06038185302444614,0.23008806890721673,False,-1.1087087667542308
2024-07-24 09:00:00,0.08570989888189756,0.23008806890721673,False,-1.2989836298757664
2024-07-24 13:00:00,0.0954977213434046,0.23008806890721673,False,-1.1014127236353664
2024-07-25 04:00:00,0.11046690506825335,0.23008806890721673,False,-0.8479102505725985
2024-07-25 05:00:00,0.1426367024814219,0.23008806890721673,False,-0.8665226554538422
2024-07-26 00:00:00,0.14621890993369424,0.23008806890721673,False,-0.9427210915448492
2024-07-26 01:00:00,0.13528485485245936,0.23008806890721673,False,-1.090335485770788
2024-07-26 02:00:00,0.11682966343067155,0.23008806890721673,False,-1.3817003476100993
2024-07-26 03:00:00,0.1478844668213437,0.23008806890721673,False,-1.4318900681552882
2024-07-26 04:00:00,0.18185416899903273,0.23008806890721673,False,-1.509754043832977
2024-07-26 06:00:00,0.17011826106090425,0.23008806890721673,False,-1.7324842734185764
2024-07-26 11:00:00,0.17634801710451473,0.23008806890721673,False,-1.834034601361249
2024-07-26 20:00:00,0.1657612069836647,0.23008806890721673,False,-1.7991103181528703
2024-07-26 21:00:00,0.14588967536991332,0.23008806890721673,False,-1.5900768819004916
2024-07-27 00:00:00,0.12602489324778315,0.23008806890721673,False,-1.627008030735857
2024-07-27 01:00:00,0.10613794352867695,0.23008806890721673,False,-1.797545404916215
2024-07-27 02:00:00,0.1093045006897039,0.23008806890721673,False,-1.9789365454031553
2024-07-27 03:00:00,0.13290320426428898,0.23008806890721673,False,-2.041061171986641
2024-07-27 04:00:00,0.15089483538393025,0.23008806890721673,False,-2.12588710313669
2024-07-27 05:00:00,0.13940881357608093,0.23008806890721673,False,-2.2210643628180087
2024-07-27 12:00:00,0.11128944003895927,0.23008806890721673,False,-2.1193831710506688
2024-07-27 13:00:00,0.09654203315602305,0.23008806890721673,False,-1.8683055276802885
2024-07-27 19:00:00,0.17460580363174485,0.23008806890721673,False,-1.8172638989075895
2024-07-27 20:00:00,0.2573244730584475,0.23008806890721673,True,-1.8358666949066047
2024-07-27 23:00:00,0.29882753280521207,0.23008806890721673,True,-1.819377852998387
2024-07-28 00:00:00,0.2913211242785178,0.23008806890721673,True,-1.8262482037934815
2024-07-28 02:00:00,0.26099899013752026,0.23008806890721673,True,-1.8077745938777952
2024-07-28 14:00:00,0.2129456073200092,0.23008806890721673,False,-1.817545759453031
2024-07-28 16:00:00,0.16444501051071683,0.23008806890721673,False,-1.8831347083768288
2024-07-28 18:00:00,0.12598028670234954,0.23008806890721673,False,-1.9018220625394757
2024-07-29 02:00:00,0.10879756962434642,0.23008806890721673,False,-1.7378496902299814
2024-07-29 03:00:00,0.1291717156954938,0.23008806890721673,False,-1.5634082119470172
2024-07-29 04:00:00,0.17967191969490068,0.23008806890721673,False,-1.4885017587068332
2024-07-29 05:00:00,0.21664001121575693,0.23008806890721673,False,-1.4745371345722214
2024-07-29 06:00:00,0.23072697792144048,0.23008806890721673,True,-1.5396782384071528
2024-07-29 07:00:00,0.21841831168432205,0.23008806890721673,False,-1.5801587815045752
2024-07-29 10:00:00,0.17506106615095549,0.23008806890721673,False,-1.657970411652395
2024-07-29 12:00:00,0.13180700730102365,0.23008806890721673,False,-1.7332694563665867
2024-07-30 00:00:00,0.08692103306425597,0.23008806890721673,False,-1.8349506481339268
2024-07-30 01:00:00,0.05520776184102563,0.23008806890721673,False,-1.9431459502847612
2024-07-30 02:00:00,0.042044326327582315,0.23008806890721673,False,-2.0428932655319967
2024-07-30 03:00:00,0.0541589534704634,0.23008806890721673,False,-2.248774777691541
2024-07-30 04:00:00,0.07251348384397424,0.23008806890721673,False,-2.378777082180871
2024-07-30 06:00:00,0.10564482187896462,0.23008806890721673,False,-2.3781663843324137
2024-07-30 22:00:00,0.14157732034506132,0.23008806890721673,False,-2.2920579877006135
2024-07-31 06:00:00,0.1740483380803443,0.23008806890721673,False,-2.174018817849723
2024-07-31 07:00:00,0.23098991176877498,0.23008806890721673,True,-2.029735502797153
2024-07-31 08:00:00,0.2961315275888601,0.23008806890721673,True,-1.921975091538405
2024-07-31 10:00:00,0.3545898558765108,0.23008806890721673,True,-1.768445652437446
2024-07-31 21:00:00,0.40129077845523586,0.23008806890721673,True,-1.323613339624661
2024-07-31 22:00:00,0.4496049536627436,0.23008806890721673,True,-0.7695882515085655
2024-08-01 01:00:00,0.5134522813756627,0.23008806890721673,True,-0.5222556228853097
2024-08-01 05:00:00,0.5596258456023095,0.23008806890721673,True,-0.4892779390688742
2024-08-01 06:00:00,0.5178799026820726,0.23008806890721673,True,-0.4801174713420848
2024-08-01 07:00:00,0.4475000790981059,0.23008806890721673,True,-0.49986336844204965
2024-08-01 08:00:00,0.3330542984622104,0.23008806890721673,True,-0.7456183609568063
2024-08-01 23:00:00,0.2676032206282801,0.23008806890721673,True,-0.7030221860272425
2024-08-02 01:00:00,0.1901669077874781,0.23008806890721673,False,-0.5845468034274639
2024-08-02 02:00:00,0.10608995274785474,0.23008806890721673,False,-0.5662258679738851
2024-08-02 09:00:00,0.09200532129228345,0.23008806890721673,False,-0.5335099118067899
2024-08-02 10:00:00,0.10544131772564458,0.23008806890721673,False,-0.527751903521377
2024-08-02 19:00:00,0.10514272599696689,0.23008806890721673,False,-0.465918746365567
2024-08-02 20:00:00,0.0984269172164726,0.23008806890721673,False,-0.10820248163452063
2024-08-03 00:00:00,0.13236331592871572,0.23008806890721673,False,0.11054948768115251
2024-08-03 01:00:00,0.2141497256212192,0.23008806890721673,False,0.19180283641776102
2024-08-03 03:00:00,0.2830115569600884,0.23008806890721673,True,0.33233273904460864
2024-08-03 04:00:00,0.31690061715645035,0.23008806890721673,True,0.5406404939674546
2024-08-03 05:00:00,0.3330469391504428,0.23008806890721673,True,0.5071977402510459
2024-08-03 21:00:00,0.3129697963931181,0.23008806890721673,True,0.40844789815628124
2024-08-04 00:00:00,0.25644834326430754,0.23008806890721673,True,0.40936394492895917
2024-08-04 03:00:00,0.19758982681314274,0.23008806890721673,False,0.3626455595223396
2024-08-04 04:00:00,0.1524827409346543,0.23008806890721673,False,0.35470648749246453
2024-08-04 05:00:00,0.11587505855269623,0.23008806890721673,False,0.30768275316161897
2024-08-04 06:00:00,0.05942612075851028,0.23008806890721673,False,0.2838655370719729
2024-08-04 20:00:00,0.034009440518695894,0.23008806890721673,False,0.334248109569304
2024-08-05 01:00:00,0.039454333606582674,0.23008806890721673,False,0.4741742540959776
2024-08-05 02:00:00,0.05723862788855049,0.23008806890721673,False,0.7726117228642544
2024-08-05 03:00:00,0.09904907543878463,0.23008806890721673,False,1.0090081623244491
2024-08-05 04:00:00,0.1652306699304887,0.23008806890721673,False,1.1982837821548282
2024-08-05 05:00:00,0.21462316494308087,0.23008806890721673,False,1.3464797933793005
2024-08-05 06:00:00,0.24012148205378525,0.23008806890721673,True,1.3905809022925488
2024-08-05 07:00:00,0.2157919700276552,0.23008806890721673,False,1.3031202461391718
2024-08-05 09:00:00,0.2172390297611576,0.23008806890721673,False,1.3226625772896492
2024-08-05 13:00:00,0.20014617007104313,0.23008806890721673,False,1.3556402611060847
2024-08-05 14:00:00,0.13215085579880273,0.23008806890721673,False,1.5054647999264252
2024-08-05 17:00:00,0.08969345555411343,0.23008806890721673,False,1.8646291587981207
2024-08-05 18:00:00,0.11723211864201874,0.23008806890721673,False,2.4671103452896084
2024-08-06 00:00:00,0.21052771519143165,0.23008806890721673,False,2.8194830038466954
2024-08-06 01:00:00,0.26892433556478473,0.23008806890721673,True,2.8918506988883115
2024-08-06 02:00:00,0.2964377326904102,0.23008806890721673,True,3.11964099636109
2024-08-06 03:00:00,0.35602327925736793,0.23008806890721673,True,3.2194900945830742
2024-08-06 05:00:00,0.4559255550654177,0.23008806890721673,True,3.175519849494494
2024-08-06 07:00:00,0.588674816178216,0.23008806890721673,True,3.1222781007066884
2024-08-06 08:00:00,0.7535387917954184,0.23008806890721673,True,3.495525522083597
2024-08-07 00:00:00,0.9399883237116112,0.23008806890721673,True,3.8582800440643767
2024-08-07 01:00:00,1.088680607707055,0.23008806890721673,True,4.046069632463512
2024-08-07 02:00:00,1.2180839515858615,0.23008806890721673,True,4.512760230575146
2024-08-07 04:00:00,1.387628449683526,0.23008806890721673,True,4.83621086538629
2024-08-07 10:00:00,1.5675077832967987,0.23008806890721673,True,5.14690802228534
2024-08-07 23:00:00,1.7744307383279945,0.23008806890721673,True,5.510217724128348
2024-08-08 04:00:00,2.0383662188740006,0.23008806890721673,True,5.507897072304235
2024-08-08 05:00:00,2.3316304945156645,0.23008806890721673,True,5.2653278868989055
2024-08-08 07:00:00,2.560535908201532,0.23008806890721673,True,5.145325759677987
2024-08-09 02:00:00,2.7313337030556077,0.23008806890721673,True,5.017995258275644
2024-08-09 03:00:00,2.8661250933567857,0.23008806890721673,True,4.62305961488946
2024-08-09 04:00:00,2.8979321479010873,0.23008806890721673,True,4.5666895482692516
2024-08-09 05:00:00,2.8757872390416774,0.23008806890721673,True,4.581224157062424
2024-08-09 06:00:00,2.812183596499317,0.23008806890721673,True,4.62875865686652
2024-08-09 17:00:00,2.704770221370435,0.23008806890721673,True,4.637966711438647
2024-08-09 18:00:00,2.5968560450166236,0.23008806890721673,True,4.725907201615798
2024-08-10 03:00:00,2.527100719163822,0.23008806890721673,True,4.6561567830675425
2024-08-10 05:00:00,2.4648859007078547,0.23008806890721673,True,4.770357280728158
2024-08-10 06:00:00,2.4287593627953865,0.23008806890721673,True,4.966696639005641
2024-08-10 07:00:00,2.464747906568042,0.23008806890721673,True,5.063797596909581
2024-08-10 14:00:00,2.5205178947724125,0.23008806890721673,True,5.176166001024841
2024-08-10 16:00:00,2.587733231807441,0.23008806890721673,True,5.55525669045172
2024-08-11 04:00:00,2.688478519591139,0.23008806890721673,True,5.90678963946718
2024-08-11 05:00:00,2.828377835494379,0.23008806890721673,True,6.071449046856183
2024-08-11 09:00:00,2.9795646159369484,0.23008806890721673,True,6.116564350410606
2024-08-12 06:00:00,3.152001249682895,0.23008806890721673,True,6.184428148819895
2024-08-12 07:00:00,3.3217768876171228,0.23008806890721673,True,6.245497933665139
2024-08-12 08:00:00,3.477081509832021,0.23008806890721673,True,6.408387705243282
2024-08-12 12:00:00,3.641028814013611,0.23008806890721673,True,6.559701976693949
2024-08-13 00:00:00,3.8111131258831383,0.23008806890721673,True,6.648558513643779
2024-08-13 02:00:00,3.9439866673044848,0.23008806890721673,True,6.716956672670457
2024-08-13 05:00:00,4.0398985524477835,0.23008806890721673,True,6.679337685205785
2024-08-13 06:00:00,4.113282591473814,0.23008806890721673,True,6.609085225439263
2024-08-13 07:00:00,4.175840446013453,0.23008806890721673,True,6.519212709341549
2024-08-13 08:00:00,4.221869752107331,0.23008806890721673,True,6.55206825358829
2024-08-13 18:00:00,4.263222355517067,0.23008806890721673,True,6.646726420098423
2024-08-13 22:00:00,4.293114040915639,0.23008806890721673,True,6.854974386420729
2024-08-13 23:00:00,4.324455973605981,0.23008806890721673,True,7.130170104379625
2024-08-14 01:00:00,4.373107428098482,0.23008806890721673,True,7.198644600637355
2024-08-14 04:00:00,4.422815216417572,0.23008806890721673,True,7.148720051526368
2024-08-14 05:00:00,4.474771805537837,0.23008806890721673,True,7.056016118131286
2024-08-14 06:00:00,4.5287865488343915,0.23008806890721673,True,6.65680293459789
2024-08-14 07:00:00,4.558565334306117,0.23008806890721673,True,6.269315149754786
2024-08-14 08:00:00,4.543004424962717,0.23008806890721673,True,6.029310895312959
2024-08-14 10:00:00,4.485400472517037,0.23008806890721673,True,5.878829393655645
2024-08-14 11:00:00,4.379526251557655,0.23008806890721673,True,5.919385282591517
2024-08-14 14:00:00,4.236450036732587,0.23008806890721673,True,6.035540013367172
2024-08-14 15:00:00,4.092923639897568,0.23008806890721673,True,6.117862083338571
2024-08-14 16:00:00,3.9617478625992977,0.23008806890721673,True,6.281325540774347
2024-08-15 00:00:00,3.8561258604932713,0.23008806890721673,True,6.227584130110536
2024-08-15 02:00:00,3.796442369247271,0.23008806890721673,True,6.2702311965274635
2024-08-15 03:00:00,3.7906341254552975,0.23008806890721673,True,6.3122384842460155
2024-08-15 04:00:00,3.8219480460119706,0.23008806890721673,True,6.284429921503992
2024-08-15 05:00:00,3.872753343993365,0.23008806890721673,True,6.257711890634188
2024-08-15 08:00:00,3.9167617374425463,0.23008806890721673,True,6.283971898117652
2024-08-15 09:00:00,3.9485071816192345,0.23008806890721673,True,6.645980011616979
2024-08-15 15:00:00,4.005490254348638,0.23008806890721673,True,6.814973677347085
2024-08-15 18:00:00,4.061823364496936,0.23008806890721673,True,6.996656287261701
2024-08-15 19:00:00,4.146088415534837,0.23008806890721673,True,7.144445166587204
2024-08-15 22:00:00,4.242601095334557,0.23008806890721673,True,7.234141413078659
2024-08-15 23:00:00,4.346093553261261,0.23008806890721673,True,7.328003491322057
2024-08-16 00:00:00,4.466973912618325,0.23008806890721673,True,7.3076125280964614
2024-08-16 01:00:00,4.59561919689286,0.23008806890721673,True,7.279845603844094
2024-08-16 02:00:00,4.722549689038376,0.23008806890721673,True,7.256813570702453
2024-08-16 03:00:00,4.801089452137523,0.23008806890721673,True,7.194888808869377
2024-08-16 04:00:00,4.852897572620817,0.23008806890721673,True,7.123681439739817
2024-08-16 06:00:00,4.873983896035249,0.23008806890721673,True,7.082895547718169
2024-08-16 07:00:00,4.870795082926421,0.23008806890721673,True,7.01345047809414
2024-08-16 09:00:00,4.848093510407795,0.23008806890721673,True,6.839096242360958
2024-08-16 10:00:00,4.794362094839606,0.23008806890721673,True,6.762671768754611
2024-08-16 11:00:00,4.732414951562958,0.23008806890721673,True,6.582603146010907
2024-08-16 12:00:00,4.653995763008088,0.23008806890721673,True,6.379740424352243
2024-08-16 13:00:00,4.554587228659205,0.23008806890721673,True,6.214963041242512
2024-08-17 04:00:00,4.442271407999197,0.23008806890721673,True,6.1548093031699445
2024-08-17 06:00:00,4.328680324773482,0.23008806890721673,True,6.043967643675826
2024-08-17 07:00:00,4.205874968877832,0.23008806890721673,True,5.9519049430216135
2024-08-17 08:00:00,4.078891097300543,0.23008806890721673,True,5.919385282591517
2024-08-17 15:00:00,3.9676935405245923,0.23008806890721673,True,5.856047191452017
2024-08-17 16:00:00,3.8571764234093755,0.23008806890721673,True,5.7387932045491326
2024-08-18 04:00:00,3.755531030851013,0.23008806890721673,True,5.714190805511481
2024-08-18 06:00:00,3.6748387119197226,0.23008806890721673,True,5.827984171273121
2024-08-18 07:00:00,3.6252646192267486,0.23008806890721673,True,6.022593218979977
2024-08-18 09:00:00,3.6028760581334685,0.23008806890721673,True,6.19747091001185
2024-08-18 16:00:00,3.6136626619420573,0.23008806890721673,True,6.104165003023284
2024-08-18 22:00:00,3.6292807322674694,0.23008806890721673,True,5.952057617483726
2024-08-18 23:00:00,3.6336707098694663,0.23008806890721673,True,5.87404096734392
2024-08-19 00:00:00,3.637841376987256,0.23008806890721673,True,5.775565939280952
2024-08-19 02:00:00,3.648006249644812,0.23008806890721673,True,5.749000582873272
2024-08-19 03:00:00,3.658200440636561,0.23008806890721673,True,5.765672634136016
2024-08-19 04:00:00,3.6544275402500994,0.23008806890721673,True,5.886276734950409
2024-08-19 06:00:00,3.636407453537526,0.23008806890721673,True,5.9774015781945025
2024-08-19 07:00:00,3.604559568920709,0.23008806890721673,True,5.981310044424593
2024-08-19 08:00:00,3.5853686601230175,0.23008806890721673,True,5.95733579174535
2024-08-19 09:00:00,3.583640237702344,0.23008806890721673,True,6.259488466193321
2024-08-19 18:00:00,3.6217831419307345,0.23008806890721673,True,6.405622909529385
2024-08-19 22:00:00,3.691669154918255,0.23008806890721673,True,6.42687519465553
2024-08-20 01:00:00,3.7708450800448308,0.23008806890721673,True,6.301834810184882
2024-08-20 02:00:00,3.8382389688655523,0.23008806890721673,True,6.1166406876416675
2024-08-20 03:00:00,3.871813459061922,0.23008806890721673,True,5.887140436193218
2024-08-20 04:00:00,3.8697946000050756,0.23008806890721673,True,5.816788044051499
2024-08-20 05:00:00,3.8580209456558414,0.23008806890721673,True,5.771535333481167
2024-08-20 06:00:00,3.8434850236858527,0.23008806890721673,True,5.712816735352464
2024-08-20 08:00:00,3.781370757309574,0.23008806890721673,True,5.667289210750325
2024-08-20 12:00:00,3.6929383712055923,0.23008806890721673,True,5.32840425038906
2024-08-20 13:00:00,3.5647280627902793,0.23008806890721673,True,4.685828732878231
2024-08-20 17:00:00,3.381373543361323,0.23008806890721673,True,4.2441538417365585
2024-08-20 18:00:00,3.166986094700974,0.23008806890721673,True,4.548063263891457
2024-08-20 21:00:00,3.0062342679350205,0.23008806890721673,True,4.649286432272459
2024-08-21 00:00:00,2.864642862653856,0.23008806890721673,True,4.668065391112366
2024-08-21 01:00:00,2.728825010241476,0.23008806890721673,True,4.618415656033187
2024-08-21 02:00:00,2.592747060103826,0.23008806890721673,True,4.605607656611548
2024-08-21 03:00:00,2.457686505681374,0.23008806890721673,True,4.520215442002016
2024-08-21 04:00:00,2.354953443420835,0.23008806890721673,True,4.367144026287407
2024-08-21 05:00:00,2.3191226315747957,0.23008806890721673,True,4.1762500571586365
2024-08-21 06:00:00,2.3200272478332287,0.23008806890721673,True,4.04698567923619
2024-08-21 09:00:00,2.2657437565308003,0.23008806890721673,True,3.9475291724882133
2024-08-21 10:00:00,2.185815826839065,0.23008806890721673,True,3.8581655382177895
2024-08-21 15:00:00,2.0919295797824877,0.23008806890721673,True,3.8146762176848696
2024-08-21 21:00:00,1.9975100395792116,0.23008806890721673,True,3.8198060796118636
2024-08-21 22:00:00,1.90336944445258,0.23008806890721673,True,3.853150182137372
2024-08-21 23:00:00,1.82195814272912,0.23008806890721673,True,3.8978990669827325
2024-08-22 00:00:00,1.7632304011958577,0.23008806890721673,True,3.8878988897143163
2024-08-22 01:00:00,1.7269156915617807,0.23008806890721673,True,3.8813644227358766
2024-08-22 03:00:00,1.7056490255480545,0.23008806890721673,True,3.870005442754658
2024-08-22 05:00:00,1.6956630097002412,0.23008806890721673,True,3.7923246764315057
2024-08-22 06:00:00,1.6893975306733973,0.23008806890721673,True,3.670032432278892
2024-08-22 07:00:00,1.675937803275734,0.23008806890721673,True,3.457738592710597
2024-08-22 08:00:00,1.6393500252862294,0.23008806890721673,True,3.4332343415414477
2024-08-22 13:00:00,1.5934876578387682,0.23008806890721673,True,3.3630040889694133
2024-08-22 20:00:00,1.533850673196585,0.23008806890721673,True,3.2871248812991882
2024-08-22 21:00:00,1.4661326195400188,0.23008806890721673,True,3.1580131778388543
2024-08-22 22:00:00,1.3847474385935328,0.23008806890721673,True,2.9871195632469063
2024-08-22 23:00:00,1.286121770426571,0.23008806890721673,True,2.9127788443872085
2024-08-23 01:00:00,1.1879137572041532,0.23008806890721673,True,2.7238215480140977
2024-08-23 02:00:00,1.0849981096761199,0.23008806890721673,True,2.5703182816780785
2024-08-23 03:00:00,0.990119210809796,0.23008806890721673,True,2.44683517672099
2024-08-23 04:00:00,0.8853617539527374,0.23008806890721673,True,2.360543570734648
2024-08-23 06:00:00,0.7804402442852769,0.23008806890721673,True,2.2521447026343364
2024-08-23 07:00:00,0.6750886918198766,0.23008806890721673,True,2.1285547255537622
2024-08-23 12:00:00,0.5742297291572642,0.23008806890721673,True,2.104835657332618
2024-08-23 13:00:00,0.4910253430507754,0.23008806890721673,True,1.6489497134628406
2024-08-24 02:00:00,0.38139912201527704,0.23008806890721673,True,1.3739611965596634
2024-08-24 03:00:00,0.32304924994327183,0.23008806890721673,True,1.276860238655718
2024-08-24 04:00:00,0.2933397243417023,0.23008806890721673,True,1.2029657989929667
2024-08-24 05:00:00,0.2813142538571788,0.23008806890721673,True,1.1150863786006526
2024-08-24 07:00:00,0.2716383308966337,0.23008806890721673,True,0.9578927524089768
2024-08-24 09:00:00,0.24061909213145394,0.23008806890721673,True,0.8706240298651251
2024-08-24 10:00:00,0.18350377000004764,0.23008806890721673,False,0.8536466296781395
2024-08-24 13:00:00,0.07983610820510724,0.23008806890721673,False,0.8554787232235006
2024-08-24 14:00:00,0.0690450839109877,0.23008806890721673,False,0.8389898813152828
2024-08-24 17:00:00,0.07689663009675635,0.23008806890721673,False,0.7821949814092064
2024-08-24 18:00:00,0.05481216660196331,0.23008806890721673,False,0.6741014622331106
2024-08-24 19:00:00,0.035539978934857566,0.23008806890721673,False,0.5754737597080405
2024-08-24 22:00:00,0.05551793155054588,0.23008806890721673,False,0.5073809496055826
2024-08-24 23:00:00,0.06054512505377123,0.23008806890721673,False,0.4041730132171125
2024-08-25 00:00:00,0.056873119424884544,0.23008806890721673,False,0.26966681209544985
2024-08-25 01:00:00,0.06478933866832755,0.23008806890721673,False,0.19592504689481677
2024-08-25 02:00:00,0.06975975683648003,0.23008806890721673,False,0.025336781227089676
2024-08-25 03:00:00,0.0741538178651953,0.23008806890721673,False,-0.3248475433730409
2024-08-25 04:00:00,0.10632783182826228,0.23008806890721673,False,-0.7645499942588319
2024-08-25 05:00:00,0.16642893290234467,0.23008806890721673,False,-1.17421919738323
2024-08-25 06:00:00,0.22285457173228893,0.23008806890721673,False,-1.388347311560628
2024-08-25 07:00:00,0.2789655652700705,0.23008806890721673,True,-1.5399835873313787
2024-08-25 09:00:00,0.332089262625453,0.23008806890721673,True,-1.6354051261520814
2024-08-25 12:00:00,0.3215871963592559,0.23008806890721673,True,-1.627008030735857
2024-08-25 13:00:00,0.26694033184852173,0.23008806890721673,True,-1.4545622257790818
2024-08-25 14:00:00,0.2279184337098628,0.23008806890721673,False,-1.4897536892961607
2024-08-25 15:00:00,0.16592671456006855,0.23008806890721673,False,-1.4999828782577358
2024-08-25 16:00:00,0.11181168881252751,0.23008806890721673,False,-1.5473119615128073
2024-08-25 17:00:00,0.09563807356671611,0.23008806890721673,False,-1.6292981476675517
2024-08-25 18:00:00,0.09049581457161796,0.23008806890721673,False,-1.6828868838692554
2024-08-25 19:00:00,0.08341042770773072,0.23008806890721673,False,-1.7596058010811022
2024-08-25 22:00:00,0.05564025747584311,0.23008806890721673,False,-1.845027162633389
2024-08-25 23:00:00,0.03972003368770738,0.23008806890721673,False,-1.8667069362534585
2024-08-26 00:00:00,0.02945616710027149,0.23008806890721673,False,-1.9018220625394757
2024-08-26 01:00:00,0.03980596964719235,0.23008806890721673,False,-2.0001444161403197
2024-08-26 02:00:00,0.05374133927469535,0.23008806890721673,False,-2.2362809175419534
2024-08-26 03:00:00,0.08785031322457174,0.23008806890721673,False,-2.4642747809642143
2024-08-26 04:00:00,0.13125393373415822,0.23008806890721673,False,-2.663806423449509
2024-08-26 05:00:00,0.1857430321799199,0.23008806890721673,False,-2.9644363188467984
2024-08-26 06:00:00,0.2619800687653322,0.23008806890721673,True,-3.14642427768564
2024-08-26 07:00:00,0.35318496906738817,0.23008806890721673,True,-3.3305496789940636
2024-08-26 08:00:00,0.4725679903996489,0.23008806890721673,True,-3.499407634091179
2024-08-26 09:00:00,0.6197818682296057,0.23008806890721673,True,-3.517728569544752
2024-08-26 13:00:00,0.7707581173570184,0.23008806890721673,True,-3.4124976965332827
2024-08-26 14:00:00,0.8924367749182742,0.23008806890721673,True,-3.2997094376472154
2024-08-26 17:00:00,0.9819185584950053,0.23008806890721673,True,-3.2713119876941743
2024-08-26 18:00:00,1.0499586915580135,0.23008806890721673,True,-3.1371919631531506
2024-08-26 19:00:00,1.0708288612553192,0.23008806890721673,True,-2.796036387136027
2024-08-26 20:00:00,1.035232719115771,0.23008806890721673,True,-2.3300084968544463
2024-08-26 22:00:00,1.0210401886269789,0.23008806890721673,True,-2.2556778444428014
2024-08-26 23:00:00,0.9544730197070284,0.23008806890721673,True,-2.3329982319257137
2024-08-27 00:00:00,0.826434380092602,0.23008806890721673,True,-2.256217657719557
2024-08-27 01:00:00,0.6961037558572425,0.23008806890721673,True,-2.2892559622782995
2024-08-27 02:00:00,0.5719009951269863,0.23008806890721673,True,-2.343531092070181
2024-08-27 03:00:00,0.4440105484777802,0.23008806890721673,True,-2.2803110349686158
2024-08-27 04:00:00,0.3663930239543426,0.23008806890721673,True,-1.8930502207162518
2024-08-27 05:00:00,0.36875587649092445,0.23008806890721673,True,-1.5548019910070612
2024-08-27 06:00:00,0.4488688800881997,0.23008806890721673,True,-1.4976043708479736
2024-08-27 07:00:00,0.4938789369199482,0.23008806890721673,True,-1.7368503664779744
2024-08-27 10:00:00,0.44742154107498605,0.23008806890721673,True,-1.8756151592167496
2024-08-27 11:00:00,0.37702790689255616,0.23008806890721673,True,-1.7525064385928382
2024-08-28 04:00:00,0.293358769668105,0.23008806890721673,True,-1.7987668006131188
2024-08-28 05:00:00,0.18292909028400892,0.23008806890721673,False,-1.9025854348500406
2024-08-28 06:00:00,0.09934115623524922,0.23008806890721673,False,-2.036410472986883
2024-08-28 08:00:00,0.06594766829123389,0.23008806890721673,False,-2.064878388076287
2024-08-28 17:00:00,0.09227653010491121,0.23008806890721673,False,-1.8347674387793902
2024-08-28 20:00:00,0.1311975039208471,0.23008806890721673,False,-1.5912822066013825
2024-08-29 01:00:00,0.20241461575283878,0.23008806890721673,False,-1.5457852168916721
2024-08-29 03:00:00,0.24372186294113696,0.23008806890721673,True,-1.514232494721628
2024-08-29 04:00:00,0.28318352452216755,0.23008806890721673,True,-1.5174895499133803
2024-08-29 06:00:00,0.2853988421279403,0.23008806890721673,True,-1.5234947454231558
2024-08-29 07:00:00,0.23829456378877517,0.23008806890721673,True,-1.496166016704906
2024-08-29 08:00:00,0.1659056450174421,0.23008806890721673,False,-1.368133212776841
2024-08-29 09:00:00,0.10608794186557644,0.23008806890721673,False,-1.2516120632921126
2024-08-29 10:00:00,0.0981286539765644,0.23008806890721673,False,-1.1634883637604199
2024-08-29 14:00:00,0.12497208243060942,0.23008806890721673,False,-1.0925601707901518
2024-08-30 01:00:00,0.13791954901459377,0.23008806890721673,False,-1.0627232187657576
2024-08-30 02:00:00,0.13728993194530517,0.23008806890721673,False,-1.1123118840601054
2024-08-30 03:00:00,0.11282417213984261,0.23008806890721673,False,-1.272268918016019
2024-08-30 04:00:00,0.10995405871433919,0.23008806890721673,False,-1.513784649632767
2024-08-30 05:00:00,0.12560797896439316,0.23008806890721673,False,-1.7487113876774538
2024-08-30 06:00:00,0.15762301463770806,0.23008806890721673,False,-1.9189216022961402
2024-08-30 09:00:00,0.20537872001465346,0.23008806890721673,False,-1.9167078225955019
2024-08-30 10:00:00,0.2063322799804655,0.23008806890721673,False,-1.9525972265108094
2024-08-30 13:00:00,0.18047765821631256,0.23008806890721673,False,-1.9022448533576384
2024-08-30 14:00:00,0.13846493840465657,0.23008806890721673,False,-1.836233113615678
2024-08-30 18:00:00,0.12217814181069675,0.23008806890721673,False,-1.8364773927550566
2024-08-30 19:00:00,0.13642967294681813,0.23008806890721673,False,-1.8189198296120481
2024-08-30 20:00:00,0.16704085402931063,0.23008806890721673,False,-1.7740335377507894
2024-08-31 01:00:00,0.1803806314702759,0.23008806890721673,False,-1.69052060697491
2024-08-31 02:00:00,0.18488914326894998,0.23008806890721673,False,-1.6164734928500508
2024-08-31 03:00:00,0.19357098923027397,0.23008806890721673,False,-1.5569656851941118
2024-08-31 05:00:00,0.1946576465227883,0.23008806890721673,False,-1.5262428857411947
2024-08-31 06:00:00,0.1848415859185381,0.23008806890721673,False,-1.55170898602166
2024-08-31 07:00:00,0.17040692308643593,0.23008806890721673,False,-1.5335712599226232
2024-08-31 08:00:00,0.14283227750129462,0.23008806890721673,False,-1.5125021841510107
2024-08-31 09:00:00,0.10998439087891185,0.23008806890721673,False,-1.496929389015476
2024-08-31 10:00:00,0.083019187443412,0.23008806890721673,False,-1.4804405471072584
2024-08-31 12:00:00,0.07128859527226161,0.23008806890721673,False,-1.485936827743331
2024-08-31 13:00:00,0.06623335017828694,0.23008806890721673,False,-1.444714722972789
2024-08-31 14:00:00,0.06603167128503601,0.23008806890721673,False,-1.3993704077251916
2024-09-01 04:00:00,0.06861561634752719,0.23008806890721673,False,-1.3703483804271432
2024-09-01 06:00:00,0.06814403979581096,0.23008806890721673,False,-1.4494258206608512
2024-09-01 07:00:00,0.06426659295429502,0.23008806890721673,False,-1.527260715488611
2024-09-01 08:00:00,0.06556204826176149,0.23008806890721673,False,-1.538151493786023
2024-09-01 09:00:00,0.06205784714087367,0.23008806890721673,False,-1.5793735985565596
2024-09-01 11:00:00,0.04994263068976551,0.23008806890721673,False,-1.405324711747603
2024-09-01 23:00:00,0.041442396117886054,0.23008806890721673,False,-1.11035765094505
2024-09-02 02:00:00,0.09257909720054155,0.23008806890721673,False,-1.0019587828447334
2024-09-02 03:00:00,0.15803048579453133,0.23008806890721673,False,-0.9668436565587161
2024-09-02 04:00:00,0.19339198727677598,0.23008806890721673,False,-0.9711185414978848
2024-09-02 05:00:00,0.19692130047212866,0.23008806890721673,False,-0.9555457463623449
2024-09-02 06:00:00,0.16572988962758473,0.23008806890721673,False,-0.9620990040438215
2024-09-02 07:00:00,0.12172713279547162,0.23008806890721673,False,-0.9621870854642701
2024-09-02 20:00:00,0.07200935068119764,0.23008806890721673,False,-0.9659276097860382
2024-09-03 03:00:00,0.03978412541616863,0.23008806890721673,False,-0.9738056120310764
2024-09-03 04:00:00,0.031293180043818855,0.23008806890721673,False,-0.8738766533212184
2024-09-03 05:00:00,0.035653645056232225,0.23008806890721673,False,-0.787909186962139
2024-09-03 06:00:00,0.04062303509059095,0.23008806890721673,False,-0.7736188573083502
2024-09-03 07:00:00,0.05976637252799878,0.23008806890721673,False,-0.7716493567470907
2024-09-03 17:00:00,0.06968309745905157,0.23008806890721673,False,-0.6297384442129432
2024-09-03 21:00:00,0.08215489279417923,0.23008806890721673,False,-0.5265305078244784
2024-09-03 22:00:00,0.08947208098555225,0.23008806890721673,False,-0.4837816584328016
2024-09-03 23:00:00,0.11377305794942773,0.23008806890721673,False,-0.4703463057668435
2024-09-04 00:00:00,0.1248718402078344,0.23008806890721673,False,-0.4599644423431555
2024-09-04 02:00:00,0.1254956373301574,0.23008806890721673,False,-0.46637676975190595
2024-09-04 03:00:00,0.11278422098463425,0.23008806890721673,False,-0.5164976145998968
2024-09-04 05:00:00,0.09071587250506033,0.23008806890721673,False,-0.5043927108180751
2024-09-04 06:00:00,0.07243732960950516,0.23008806890721673,False,-0.40933203890781605
2024-09-04 08:00:00,0.07186166548024796,0.23008806890721673,False,-0.31797719257795143
2024-09-04 09:00:00,0.09896289913695495,0.23008806890721673,False,-0.2010285545992974
2024-09-04 10:00:00,0.13848046671904413,0.23008806890721673,False,0.00660871387454645
2024-09-04 13:00:00,0.18254275570710352,0.23008806890721673,False,0.21503116529639546
2024-09-04 14:00:00,0.23293091189245066,0.23008806890721673,True,0.6593369436616983
2024-09-04 20:00:00,0.3141740449340304,0.23008806890721673,True,0.835783717610905
2024-09-04 21:00:00,0.3729880967156941,0.23008806890721673,True,0.838073834542605
2024-09-05 01:00:00,0.39883095544701547,0.23008806890721673,True,0.79822579993108
2024-09-05 02:00:00,0.37668299553609386,0.23008806890721673,True,0.7171556605490081
2024-09-05 04:00:00,0.3036375788359952,0.23008806890721673,True,0.5959321376311906
2024-09-05 05:00:00,0.2594304751189125,0.23008806890721673,True,0.45699837710825136
2024-09-05 06:00:00,0.2095033264480854,0.23008806890721673,False,0.31043089347965785
2024-09-05 07:00:00,0.11824040880048926,0.23008806890721673,False,0.2087497017123125
2024-09-05 09:00:00,0.08267479003080097,0.23008806890721673,False,0.5209384418412247
2024-09-05 10:00:00,0.1066932515342123,0.23008806890721673,False,0.7766987007731286
2024-09-05 20:00:00,0.1264662439940504,0.23008806890721673,False,0.8782490287158012
2024-09-06 00:00:00,0.14322019400561864,0.23008806890721673,False,0.9617401488542302
2024-09-06 01:00:00,0.16493038253828854,0.23008806890721673,False,0.9525796811274461
2024-09-06 02:00:00,0.18222342113121376,0.23008806890721673,False,0.7833400398750486
2024-09-06 03:00:00,0.2247136608256473,0.23008806890721673,False,0.5544046839364228
2024-09-06 04:00:00,0.2509808169733666,0.23008806890721673,True,0.3831039374455001
2024-09-06 05:00:00,0.19912563796060392,0.23008806890721673,False,0.3031025192982243
2024-09-06 06:00:00,0.12856093450401723,0.23008806890721673,False,0.20394045615575354
2024-09-06 07:00:00,0.09424967573611984,0.23008806890721673,False,0.09625915802736901
2024-09-06 08:00:00,0.08408898394018581,0.23008806890721673,False,0.015463832677104649
2024-09-06 09:00:00,0.06907187382049834,0.23008806890721673,False,-0.04517846367421996
2024-09-06 14:00:00,0.0548795786100733,0.23008806890721673,False,-0.08227131145407697
2024-09-06 17:00:00,0.03124531117265982,0.23008806890721673,False,0.0005017353900167294
2024-09-06 20:00:00,0.04092134159088123,0.23008806890721673,False,0.06767849871979158
2024-09-06 21:00:00,0.0853205303634637,0.23008806890721673,False,0.22394530111793137
2024-09-06 22:00:00,0.13250821556492837,0.23008806890721673,False,0.448254294278139
2024-09-07 00:00:00,0.18641748328619384,0.23008806890721673,False,0.5628434178423145
2024-09-07 01:00:00,0.23406945342769953,0.23008806890721673,True,0.5586795688755916
2024-09-07 02:00:00,0.2574713423556981,0.23008806890721673,True,0.506548179812239
2024-09-07 03:00:00,0.2417651459687728,0.23008806890721673,True,0.45644874904464156
2024-09-07 04:00:00,0.20415437068269002,0.23008806890721673,False,0.4568151677537148
2024-09-07 05:00:00,0.15558363330240035,0.23008806890721673,False,0.42621920554625015
2024-09-07 06:00:00,0.11084842040769721,0.23008806890721673,False,0.38279858852127413
2024-09-07 07:00:00,0.06100911299732672,0.23008806890721673,False,0.3789308354810803
2024-09-07 08:00:00,0.03407191426956755,0.23008806890721673,False,0.3805084715895794
2024-09-07 14:00:00,0.03159964378216712,0.23008806890721673,False,0.41577627233770964
2024-09-07 23:00:00,0.03666548177544421,0.23008806890721673,False,0.41760836588306544
2024-09-08 00:00:00,0.04352173069352829,0.23008806890721673,False,0.2328286454512989
2024-09-08 01:00:00,0.07430796983844075,0.23008806890721673,False,0.056685937447651616
2024-09-08 03:00:00,0.09707815167988476,0.23008806890721673,False,-0.07339270427273456
2024-09-08 04:00:00,0.10933780920182809,0.23008806890721673,False,-0.10087410745309226
2024-09-08 05:00:00,0.08816761466519656,0.23008806890721673,False,-0.10476730623697852
2024-09-08 06:00:00,0.04928901881627179,0.23008806890721673,False,-0.13331294022677084
2024-09-08 08:00:00,0.061897971877093526,0.23008806890721673,False,-0.24560949753633
2024-09-08 11:00:00,0.07874180708276565,0.23008806890721673,False,-0.24683089323323384
2024-09-08 18:00:00,0.07424669705433183,0.23008806890721673,False,-0.2428613572182963
2024-09-09 01:00:00,0.05812742945102721,0.23008806890721673,False,-0.20301332260677138
2024-09-09 02:00:00,0.071680127671839,0.23008806890721673,False,-0.2240823983783838
2024-09-09 03:00:00,0.08698420814141988,0.23008806890721673,False,-0.2135478604925776
2024-09-09 04:00:00,0.09895379194773682,0.23008806890721673,False,-0.08090428780869956
2024-09-09 05:00:00,0.11667771106653867,0.23008806890721673,False,0.0669738473561924
2024-09-09 07:00:00,0.14793867906216446,0.23008806890721673,False,0.08294594493110546
2024-09-09 09:00:00,0.18216967694128566,0.23008806890721673,False,-0.2736297517594498
2024-09-09 10:00:00,0.16582718029460772,0.23008806890721673,False,-0.34834766634906894
2024-09-10 00:00:00,0.15287820695428822,0.23008806890721673,False,-0.3697847267216739
2024-09-10 01:00:00,0.13899965759450802,0.23008806890721673,False,-0.5280572524456082
2024-09-10 03:00:00,0.11892356540815616,0.23008806890721673,False,-0.7125897856529964
2024-09-10 04:00:00,0.09511450314634884,0.23008806890721673,False,-0.7989017482342842
2024-09-10 06:00:00,0.09397348641039646,0.23008806890721673,False,-0.7987796086645949
2024-09-10 07:00:00,0.07396497654361872,0.23008806890721673,False,-0.8611929287764384
2024-09-10 09:00:00,0.06437592122196227,0.23008806890721673,False,-0.9216520157732367
2024-09-10 12:00:00,0.0704414910685303,0.23008806890721673,False,-1.2484189859702073
2024-09-10 21:00:00,0.09312020873425175,0.23008806890721673,False,-0.9959350813395483
2024-09-11 00:00:00,0.10761000002539114,0.23008806890721673,False,-0.827604547111551
2024-09-11 01:00:00,0.12799970841900835,0.23008806890721673,False,-0.7507035949641137
2024-09-11 02:00:00,0.13983273086895306,0.23008806890721673,False,-0.7301982402833795
2024-09-11 03:00:00,0.14904051269098173,0.23008806890721673,False,-0.713316806901154
2024-09-11 04:00:00,0.1368870875126806,0.23008806890721673,False,-0.7187781905173191
2024-09-11 05:00:00,0.10674404132251346,0.23008806890721673,False,-0.9548914272390021
2024-09-11 06:00:00,0.12365557536964039,0.23008806890721673,False,-1.2628285471086909
2024-09-11 07:00:00,0.13983634636053024,0.23008806890721673,False,-1.4954026443943462
2024-09-11 08:00:00,0.17063046937411047,0.23008806890721673,False,-1.8561069664553158
2024-09-12 04:00:00,0.2448088092566998,0.23008806890721673,True,-2.121902299675538
2024-09-12 05:00:00,0.30076086624298193,0.23008806890721673,True,-2.1892775398060587
2024-09-12 07:00:00,0.31978685828912007,0.23008806890721673,True,-2.278866914174034
2024-09-12 08:00:00,0.29728005948652214,0.23008806890721673,True,-2.3355285709131826
2024-09-12 09:00:00,0.2428957106975156,0.23008806890721673,True,-2.3409138155768145
2024-09-12 12:00:00,0.1984700328366402,0.23008806890721673,False,-2.2559657448570656
2024-09-13 02:00:00,0.2065219104227427,0.23008806890721673,False,-2.124726777224628
2024-09-13 03:00:00,0.26263458929054045,0.23008806890721673,True,-2.0703746687123594
2024-09-13 04:00:00,0.32334868129751226,0.23008806890721673,True,-2.067443319039784
2024-09-13 05:00:00,0.33118224897762827,0.23008806890721673,True,-2.0948025826504577
2024-09-13 06:00:00,0.32336839736186784,0.23008806890721673,True,-2.114344913800935
2024-09-13 07:00:00,0.2892402102429538,0.23008806890721673,True,-2.0691968942903465
2024-09-13 09:00:00,0.2619109182817891,0.23008806890721673,True,-1.9730905014538775
2024-09-13 11:00:00,0.2562466470382983,0.23008806890721673,True,-1.600442674328172
2024-09-13 17:00:00,0.298483790638191,0.23008806890721673,True,-1.1424192879888075
2024-09-14 02:00:00,0.3934935185725228,0.23008806890721673,True,-1.1053610321849834
2024-09-14 03:00:00,0.45550444895523556,0.23008806890721673,True,-1.1598241766697033
2024-09-14 04:00:00,0.4357365695190918,0.23008806890721673,True,-1.3053229390635057
2024-09-14 05:00:00,0.363313264758151,0.23008806890721673,True,-1.4965629703064027
2024-09-14 06:00:00,0.30048908174927486,0.23008806890721673,True,-1.6368347142973212
2024-09-14 07:00:00,0.26237437246158773,0.23008806890721673,True,-1.7238036397155765
2024-09-14 08:00:00,0.19658464664127276,0.23008806890721673,False,-1.7460941111840929
2024-09-14 16:00:00,0.14274318701562735,0.23008806890721673,False,-1.6816044183875043
2024-09-14 20:00:00,0.115045371883849,0.23008806890721673,False,-1.5145174870509084
2024-09-15 00:00:00,0.1142291324656429,0.23008806890721673,False,-1.3099725704096843
2024-09-15 01:00:00,0.15055076557996855,0.23008806890721673,False,-1.121350212217195
2024-09-15 02:00:00,0.19448850960443567,0.23008806890721673,False,-1.121350212217195
2024-09-15 03:00:00,0.2283068074347697,0.23008806890721673,False,-1.2465051025344298
2024-09-15 04:00:00,0.21244770342440586,0.23008806890721673,False,-1.5246143581453264
2024-09-15 05:00:00,0.20817089431474112,0.23008806890721673,False,-1.7050552157680876
2024-09-15 06:00:00,0.2137356702823709,0.23008806890721673,False,-1.7891483094999905
2024-09-15 07:00:00,0.19323415419855416,0.23008806890721673,False,-1.824187098554951
2024-09-15 08:00:00,0.16581312648483373,0.23008806890721673,False,-1.8969364797518498
2024-09-15 21:00:00,0.15123631156738773,0.23008806890721673,False,-1.8889974077219696
2024-09-15 22:00:00,0.11168760347724088,0.23008806890721673,False,-1.7857339533472818
2024-09-15 23:00:00,0.10360322638797478,0.23008806890721673,False,-1.5443806118402368
2024-09-16 01:00:00,0.1420190564685992,0.23008806890721673,False,-1.3455318405854795
2024-09-16 02:00:00,0.21882547198628613,0.23008806890721673,False,-1.6112238401912384
2024-09-16 03:00:00,0.2382505062253868,0.23008806890721673,True,-1.9671308089210395
2024-09-16 04:00:00,0.24630387483111088,0.23008806890721673,True,-2.063046294530931
2024-09-16 05:00:00,0.25265706182944353,0.23008806890721673,True,-2.074954902575754
2024-09-16 06:00:00,0.2243978406012014,0.23008806890721673,False,-2.085947463847899
2024-09-16 07:00:00,0.16669467232039475,0.23008806890721673,False,-2.103352352528795
2024-09-16 08:00:00,0.12118715386896375,0.23008806890721673,False,-2.1045737482257043
2024-09-16 09:00:00,0.14161376645191054,0.23008806890721673,False,-2.1420298829307853
2024-09-16 23:00:00,0.14592957666547932,0.23008806890721673,False,-2.079535136439149
2024-09-17 00:00:00,0.20268707353189785,0.23008806890721673,False,-1.8355848343611683
2024-09-17 01:00:00,0.2566458044238069,0.23008806890721673,True,-1.555223274549576
2024-09-17 03:00:00,0.3286012633969133,0.23008806890721673,True,-1.4712800793804741
2024-09-17 07:00:00,0.3734371119143629,0.23008806890721673,True,-1.3972635001480282
2024-09-17 13:00:00,0.3831423111282491,0.23008806890721673,True,-1.2748796513181542
2024-09-17 22:00:00,0.3669144844535709,0.23008806890721673,True,-1.1866948820016194
2024-09-17 23:00:00,0.30156297795699294,0.23008806890721673,True,-1.152862221197348
2024-09-18 00:00:00,0.22206251479586425,0.23008806890721673,False,-1.1303441259853106
2024-09-18 02:00:00,0.1554449021223966,0.23008806890721673,False,-1.0650133356974576
2024-09-18 03:00:00,0.11315503391453735,0.23008806890721673,False,-1.0594818224932034
2024-09-18 04:00:00,0.08780322926285261,0.23008806890721673,False,-1.010258721785073
2024-09-18 05:00:00,0.06376113136156739,0.23008806890721673,False,-0.9908135471104804
2024-09-18 22:00:00,0.04993808825385784,0.23008806890721673,False,-0.9363087641360935
2024-09-19 00:00:00,0.05028814222884308,0.23008806890721673,False,-0.9131022458949045
2024-09-19 01:00:00,0.04579133200820047,0.23008806890721673,False,-0.9274536453335301
2024-09-19 02:00:00,0.04462680893554263,0.23008806890721673,False,-0.7519478079432693
2024-09-19 03:00:00,0.054568647789826064,0.23008806890721673,False,-0.4358854986041743
2024-09-19 04:00:00,0.10206130326381688,0.23008806890721673,False,-0.476453284251368
2024-09-19 05:00:00,0.1449991404485088,0.23008806890721673,False,-0.661698298281957
2024-09-19 06:00:00,0.14200103069657347,0.23008806890721673,False,-0.8208868707785745
2024-09-19 07:00:00,0.15376725912667716,0.23008806890721673,False,-0.9668436565587213
2024-09-19 09:00:00,0.16915085648358658,0.23008806890721673,False,-0.9784469156793132
2024-09-19 10:00:00,0.15982137833463222,0.23008806890721673,False,-0.9045088547416762
2024-09-19 14:00:00,0.1254696676004008,0.23008806890721673,False,-0.7378319633890338
2024-09-19 18:00:00,0.13734803126877806,0.23008806890721673,False,-0.5080568979087918
2024-09-19 21:00:00,0.1717337251219152,0.23008806890721673,False,-0.3256109156836058
2024-09-20 01:00:00,0.18301347200760948,0.23008806890721673,False,-0.1929368081073041
2024-09-20 03:00:00,0.2088968353149205,0.23008806890721673,False,-0.11105240492730326
2024-09-20 04:00:00,0.2332439653199742,0.23008806890721673,True,-0.1059123647028259
2024-09-20 05:00:00,0.23306016060682877,0.23008806890721673,True,-0.12469132354273839
2024-09-20 06:00:00,0.21066327934470497,0.23008806890721673,False,-0.22582288724646868
2024-09-20 07:00:00,0.17301316573059214,0.23008806890721673,False,-0.39688807885299093
2024-09-20 10:00:00,0.13526704502583198,0.23008806890721673,False,-0.33657998857696675
2024-09-20 11:00:00,0.08909560438619417,0.23008806890721673,False,-0.1479850843337144
2024-09-21 00:00:00,0.08415812206141923,0.23008806890721673,False,-0.08415625385170504
2024-09-21 01:00:00,0.12431005693461084,0.23008806890721673,False,0.08246611090732106
2024-09-21 03:00:00,0.17877411873937665,0.23008806890721673,False,0.27543790676332475
2024-09-21 06:00:00,0.22135631943358058,0.23008806890721673,False,0.28844577093536755
2024-09-21 07:00:00,0.2462826130499996,0.23008806890721673,True,0.29522451705319125
2024-09-21 08:00:00,0.2576103589203044,0.23008806890721673,True,0.3040185660709074
2024-09-21 10:00:00,0.23445062619992607,0.23008806890721673,True,0.3241715950698315
2024-09-21 11:00:00,0.20490726188681385,0.23008806890721673,False,0.47674427420821625
2024-09-21 20:00:00,0.16282079047669737,0.23008806890721673,False,0.5238697915138003
2024-09-22 01:00:00,0.1286816508463703,0.23008806890721673,False,0.5012739711210528
2024-09-22 03:00:00,0.1155706455691079,0.23008806890721673,False,0.491258526406438
2024-09-22 04:00:00,0.12113293181654369,0.23008806890721673,False,0.3822489604576695
2024-09-22 05:00:00,0.13290411623038956,0.23008806890721673,False,0.2838655370719729
2024-09-22 06:00:00,0.12671527700852891,0.23008806890721673,False,0.2530863655099664
2024-09-22 07:00:00,0.10614211509809068,0.23008806890721673,False,0.2594376231338748
2024-09-22 12:00:00,0.05392327582153472,0.23008806890721673,False,0.3724930623286426
2024-09-23 02:00:00,0.03552639273017613,0.23008806890721673,False,0.4597465174262851
2024-09-23 03:00:00,0.0513326116216574,0.23008806890721673,False,0.47542109553656864
2024-09-23 04:00:00,0.0944683406128605,0.23008806890721673,False,0.4756857312708982
2024-09-23 05:00:00,0.11718893719669851,0.23008806890721673,False,0.4798995464252196
2024-09-23 07:00:00,0.12766312898194254,0.23008806890721673,False,0.4634107045170019
2024-09-23 08:00:00,0.1166214228254221,0.23008806890721673,False,0.3417073475753999
2024-09-23 09:00:00,0.11259181461864404,0.23008806890721673,False,0.23623110489268062
2024-09-23 10:00:00,0.09803560422684957,0.23008806890721673,False,0.12797103175792127
2024-09-24 01:00:00,0.08900015520043944,0.23008806890721673,False,0.0942438551274818
2024-09-24 03:00:00,0.06910097605525804,0.23008806890721673,False,0.12667191088030222
2024-09-24 04:00:00,0.036582168231964994,0.23008806890721673,False,0.08563301546429708
2024-09-24 06:00:00,0.031176796933934325,0.23008806890721673,False,-0.002987966601141623
2024-09-24 07:00:00,0.05561754942186933,0.23008806890721673,False,2.1901366232325793e-05
2024-09-24 08:00:00,0.07029957188113178,0.23008806890721673,False,0.02260899750400161
2024-09-24 12:00:00,0.07288957216817313,0.23008806890721673,False,0.16661155016909807
2024-09-24 13:00:00,0.08876573605635987,0.23008806890721673,False,0.41611978987746645
2024-09-24 20:00:00,0.1446160226146394,0.23008806890721673,False,0.6214287728040847
2024-09-24 23:00:00,0.21411460814759398,0.23008806890721673,False,0.6814298364145389
2024-09-25 02:00:00,0.25578866430341995,0.23008806890721673,True,0.7043310057315072
2024-09-25 03:00:00,0.2773345011233562,0.23008806890721673,True,0.6525743630751591
2024-09-25 04:00:00,0.24717377067429233,0.23008806890721673,True,0.5136100676597963
2024-09-25 05:00:00,0.21705092584228342,0.23008806890721673,False,0.37119532940068223
2024-09-25 06:00:00,0.19939862520970006,0.23008806890721673,False,0.21319907175103966
2024-09-25 07:00:00,0.15375937237882983,0.23008806890721673,False,-0.004231172935490939
2024-09-25 12:00:00,0.11498578419839026,0.23008806890721673,False,-0.15278342457155322
2024-09-25 21:00:00,0.11329877686236303,0.23008806890721673,False,-0.06743840025031782
2024-09-26 02:00:00,0.10146047550126847,0.23008806890721673,False,0.06584640517443578
2024-09-26 03:00:00,0.10631088265402823,0.23008806890721673,False,0.06427603927841505
2024-09-26 04:00:00,0.12327363235085442,0.23008806890721673,False,0.015111506995305057
2024-09-26 05:00:00,0.14664890186661264,0.23008806890721673,False,-0.05763669978265809
2024-09-26 07:00:00,0.14339624254172956,0.23008806890721673,False,-0.07843096152246298
2024-09-26 10:00:00,0.12569651057847697,0.23008806890721673,False,-0.04591130109237165
2024-09-27 03:00:00,0.1024017927583214,0.23008806890721673,False,-0.045453277706032705
2024-09-27 04:00:00,0.07740212687169915,0.23008806890721673,False,-0.06972851718201777
2024-09-27 05:00:00,0.08782297607868433,0.23008806890721673,False,-0.14644743439385924
2024-09-27 06:00:00,0.09164787503661798,0.23008806890721673,False,-0.34903950586969157
2024-09-27 08:00:00,0.08182238970760874,0.23008806890721673,False,-0.4489718810710103
2024-09-27 13:00:00,0.07881628725909609,0.23008806890721673,False,-0.4984384067956584
2024-09-28 00:00:00,0.06258658246956426,0.23008806890721673,False,-0.5911423401907457
2024-09-28 01:00:00,0.047272896704637385,0.23008806890721673,False,-0.6171580685348261
2024-09-28 02:00:00,0.05116545138707966,0.23008806890721673,False,-0.6188985574029162
2024-09-28 03:00:00,0.06434122293827246,0.23008806890721673,False,-0.5784398249429393
2024-09-28 05:00:00,0.06643534278548477,0.23008806890721673,False,-0.5501950494520116
2024-09-28 06:00:00,0.05724601085863683,0.23008806890721673,False,-0.5903048117128663
2024-09-28 07:00:00,0.06797207696780043,0.23008806890721673,False,-0.8034819820976788
2024-09-28 10:00:00,0.061437688053986424,0.23008806890721673,False,-1.0311704965957136
2024-09-28 11:00:00,0.08316761437718363,0.23008806890721673,False,-0.9824297277344378
2024-09-28 12:00:00,0.09309424984833378,0.23008806890721673,False,-0.930201785651569
2024-09-28 17:00:00,0.09294435203349813,0.23008806890721673,False,-0.9088273609557306
2024-09-28 19:00:00,0.11416045209575544,0.23008806890721673,False,-0.7753462597939783
2024-09-28 20:00:00,0.1399054282788882,0.23008806890721673,False,-0.3814342508307866
2024-09-28 21:00:00,0.17155037473971235,0.23008806890721673,False,-0.18652448069855362
2024-09-29 02:00:00,0.1960043066427319,0.23008806890721673,False,-0.13751597836024454
2024-09-29 03:00:00,0.25231889046104644,0.23008806890721673,True,-0.11663011194316353
2024-09-29 06:00:00,0.26783960666339357,0.23008806890721673,True,-0.09960573499861478
2024-09-29 07:00:00,0.24916220304997239,0.23008806890721673,True,-0.09675189697604174
2024-09-29 08:00:00,0.21910617629718532,0.23008806890721673,False,-0.03756509716351645
2024-09-29 09:00:00,0.16925870058441933,0.23008806890721673,False,0.07500687290122515
2024-09-29 22:00:00,0.14711624518683042,0.23008806890721673,False,0.15241282519257504
2024-09-30 00:00:00,0.16039524199455407,0.23008806890721673,False,0.19653574474326868
2024-09-30 02:00:00,0.17776153813083062,0.23008806890721673,False,0.10172490377101795
2024-09-30 03:00:00,0.17980788050905985,0.23008806890721673,False,0.014776797597596227
2024-09-30 04:00:00,0.15514381575318065,0.23008806890721673,False,0.011982854940929686
2024-09-30 05:00:00,0.1319857940046179,0.23008806890721673,False,-0.011101523730575158
2024-09-30 07:00:00,0.09634102497391334,0.23008806890721673,False,-0.009880128033671297
2024-09-30 08:00:00,0.06636170707621976,0.23008806890721673,False,0.007742867021668488
2024-10-01 01:00:00,0.0706058934857392,0.23008806890721673,False,0.08123599095543381
2024-10-01 02:00:00,0.09225284998961956,0.23008806890721673,False,0.17495775409794806
2024-10-01 03:00:00,0.12334574950603763,0.23008806890721673,False,0.26646064839107725
2024-10-01 04:00:00,0.1549381202190862,0.23008806890721673,False,0.2863083284657858
2024-10-01 05:00:00,0.1760495785772741,0.23008806890721673,False,0.2190094255663164
2024-10-01 06:00:00,0.1758265452603634,0.23008806890721673,False,0.13602968098889665
2024-10-01 07:00:00,0.15491904723077987,0.23008806890721673,False,0.1421281182447719
2024-10-01 08:00:00,0.13172444153819357,0.23008806890721673,False,0.11653432659598768
2024-10-01 12:00:00,0.09508907905982739,0.23008806890721673,False,0.12996967926194578
2024-10-01 13:00:00,0.06646350653149069,0.23008806890721673,False,0.10615246317229965
2024-10-01 14:00:00,0.06203567055088053,0.23008806890721673,False,0.05613630938404176
2024-10-01 15:00:00,0.06970074335224619,0.23008806890721673,False,0.062182218083718994
2024-10-01 16:00:00,0.0812009386966029,0.23008806890721673,False,0.03386804511001254
2024-10-01 21:00:00,0.08387875380289375,0.23008806890721673,False,0.24978859712832807
2024-10-02 13:00:00,0.09543372122514851,0.23008806890721673,False,0.7919130428237096
2024-10-02 16:00:00,0.1845420471644033,0.23008806890721673,False,1.0647038061033216
2024-10-02 17:00:00,0.2906558734596374,0.23008806890721673,True,1.0808262293024713
2024-10-02 22:00:00,0.35455526753359756,0.23008806890721673,True,1.4214546984662348
2024-10-02 23:00:00,0.39242392236551815,0.23008806890721673,True,1.76847200665997
2024-10-03 00:00:00,0.3739901639999068,0.23008806890721673,True,1.9100775702698862
2024-10-03 01:00:00,0.28426176487204696,0.23008806890721673,True,1.9785520665276215
2024-10-03 02:00:00,0.19367399575071953,0.23008806890721673,False,1.9997229252739723
2024-10-03 03:00:00,0.17682137509602044,0.23008806890721673,False,2.0711560675475065
2024-10-03 04:00:00,0.1631787645056543,0.23008806890721673,False,2.097271728266784
2024-10-03 05:00:00,0.1804228391992945,0.23008806890721673,False,2.078950792813205
2024-10-03 07:00:00,0.1815170583762983,0.23008806890721673,False,1.8086670286853879
2024-10-03 19:00:00,0.18778140165825163,0.23008806890721673,False,1.8608909477257718
2024-10-03 20:00:00,0.19873994311674084,0.23008806890721673,False,2.189242824243725
2024-10-04 02:00:00,0.21634301967118866,0.23008806890721673,False,2.38161264650626
2024-10-04 03:00:00,0.2731652183854069,0.23008806890721673,True,2.411658980650125
2024-10-04 04:00:00,0.3431205927928303,0.23008806890721673,True,2.360793401672651
2024-10-04 05:00:00,0.35705684506109786,0.23008806890721673,True,2.3116266730736097
2024-10-04 14:00:00,0.31765751946945986,0.23008806890721673,True,2.2838070372387156
2024-10-04 15:00:00,0.3097017315913902,0.23008806890721673,True,2.3896072365223686
2024-10-04 22:00:00,0.3647884586589645,0.23008806890721673,True,2.3235963509032747
2024-10-04 23:00:00,0.41001499157625576,0.23008806890721673,True,2.213976087106054
2024-10-05 01:00:00,0.414475410496669,0.23008806890721673,True,2.1599293275180114
2024-10-05 02:00:00,0.3966203852181696,0.23008806890721673,True,2.114126988884075
2024-10-05 03:00:00,0.3727277553804089,0.23008806890721673,True,2.030017239756294
2024-10-05 05:00:00,0.3468451155243558,0.23008806890721673,True,1.8364630337876788
2024-10-05 06:00:00,0.31051290304906976,0.23008806890721673,True,1.6841957035735253
2024-10-05 07:00:00,0.2651199214233566,0.23008806890721673,True,1.6406616712338433
2024-10-05 16:00:00,0.2127581982306671,0.23008806890721673,False,1.7635100866412876
2024-10-05 17:00:00,0.19089103898215992,0.23008806890721673,False,1.9030290992689967
2024-10-06 00:00:00,0.2324171981649913,0.23008806890721673,True,1.9141234435158856
2024-10-06 02:00:00,0.246047451167228,0.23008806890721673,True,2.0017585847688157
2024-10-06 03:00:00,0.2371893494774586,0.23008806890721673,True,2.0179420777528074
2024-10-06 04:00:00,0.18165810556519782,0.23008806890721673,False,2.0131786345348814
2024-10-06 05:00:00,0.1438091844771101,0.23008806890721673,False,2.058553484674892
2024-10-06 07:00:00,0.15216108506031692,0.23008806890721673,False,2.0609962760687104
2024-10-06 16:00:00,0.1842549412280298,0.23008806890721673,False,2.0445074341604923
2024-10-06 17:00:00,0.20614719971385934,0.23008806890721673,False,2.0536679018872768
2024-10-06 23:00:00,0.21751881024736688,0.23008806890721673,False,2.0793172115222784
2024-10-07 00:00:00,0.22976195839317026,0.23008806890721673,False,2.0820653518403174
2024-10-07 02:00:00,0.23545111726062085,0.23008806890721673,True,2.1248376896107732
2024-10-07 03:00:00,0.24235202955734259,0.23008806890721673,True,2.1713799121764956
2024-10-07 05:00:00,0.25276195846382304,0.23008806890721673,True,2.1271348530561127
2024-10-07 06:00:00,0.25758721098864085,0.23008806890721673,True,1.8783976193814111
2024-10-07 08:00:00,0.24834709701090563,0.23008806890721673,True,1.7761057297656242
2024-10-07 09:00:00,0.23291267265974352,0.23008806890721673,True,1.7330515314497215
2024-10-07 10:00:00,0.21292295788848112,0.23008806890721673,False,1.7397692077826978
2024-10-07 16:00:00,0.19081416313144461,0.23008806890721673,False,1.7361050206919864
2024-10-08 00:00:00,0.19720554441131896,0.23008806890721673,False,1.676867329392097
2024-10-08 01:00:00,0.19265276834650524,0.23008806890721673,False,1.6460270880452432
2024-10-08 03:00:00,0.1638385851977412,0.23008806890721673,False,1.5525903172320095
2024-10-08 04:00:00,0.1093117581238266,0.23008806890721673,False,1.3816559894501599
2024-10-08 06:00:00,0.0723769034466209,0.23008806890721673,False,1.185255561387845
2024-10-08 07:00:00,0.07253723967492717,0.23008806890721673,False,0.9892215520345984
2024-10-08 15:00:00,0.09131713190643279,0.23008806890721673,False,0.7213869242132911
2024-10-08 23:00:00,0.1253068889359869,0.23008806890721673,False,0.33621106693932734
2024-10-09 00:00:00,0.16505058445395004,0.23008806890721673,False,0.27601370759186916
2024-10-09 01:00:00,0.18298178740871474,0.23008806890721673,False,0.28279681583718197
2024-10-09 02:00:00,0.16101548455639192,0.23008806890721673,False,0.2976062386621569
2024-10-09 03:00:00,0.17558471071183607,0.23008806890721673,False,0.3085987999342969
2024-10-09 04:00:00,0.16711728772218587,0.23008806890721673,False,0.31424775503248764
2024-10-09 05:00:00,0.12058261735501946,0.23008806890721673,False,0.38384549911862476
2024-10-09 06:00:00,0.10672167976711214,0.23008806890721673,False,0.2537377765483148
2024-10-09 07:00:00,0.08270466420124589,0.23008806890721673,False,0.0794562429399471
2024-10-09 08:00:00,0.10318017354166976,0.23008806890721673,False,-0.05843060698564143
2024-10-09 13:00:00,0.10537639092930037,0.23008806890721673,False,0.04054061307918548
2024-10-09 14:00:00,0.07607543635133687,0.23008806890721673,False,0.16353030193372695
2024-10-09 21:00:00,0.07928827185828011,0.23008806890721673,False,0.05302175035693483
2024-10-09 22:00:00,0.07576339021801615,0.23008806890721673,False,0.04722012079663107
2024-10-09 23:00:00,0.11461927824028129,0.23008806890721673,False,0.024929649328125195
2024-10-10 00:00:00,0.12211823741289415,0.23008806890721673,False,-0.07077542777936319
2024-10-10 01:00:00,0.11027244891042384,0.23008806890721673,False,-0.1851504105395368
2024-10-10 02:00:00,0.08232440458259072,0.23008806890721673,False,-0.2501897313997299
2024-10-10 03:00:00,0.04619089937974307,0.23008806890721673,False,-0.31278626086610484
2024-10-10 04:00:00,0.029713399015646368,0.23008806890721673,False,-0.4799509173834213
2024-10-10 05:00:00,0.02612900109199771,0.23008806890721673,False,-0.6858354037207962
2024-10-10 07:00:00,0.03774914760277587,0.23008806890721673,False,-0.8193165048825589
2024-10-10 10:00:00,0.0646424496254194,0.23008806890721673,False,-0.8941706125928739
2024-10-10 16:00:00,0.08570197230277976,0.23008806890721673,False,-0.8373757126867922
2024-10-10 23:00:00,0.0954775253039965,0.23008806890721673,False,-0.7573742945395164
2024-10-11 01:00:00,0.12084293975784122,0.23008806890721673,False,-0.49058657731555466
2024-10-11 02:00:00,0.160387995982843,0.23008806890721673,False,-0.2053034395384661
2024-10-11 03:00:00,0.18882269990686842,0.23008806890721673,False,-0.04591130109236644
2024-10-11 05:00:00,0.23501870474770545,0.23008806890721673,True,0.08966362126408191
2024-10-11 06:00:00,0.2787907627970431,0.23008806890721673,True,0.1329010289345213
2024-10-11 07:00:00,0.30092407624634376,0.23008806890721673,True,0.12630549217123418
2024-10-11 08:00:00,0.2810183303810892,0.23008806890721673,True,0.11470223305063709
2024-10-11 10:00:00,0.2459080596725297,0.23008806890721673,True,0.1603010057350861
2024-10-11 11:00:00,0.20089232146325248,0.23008806890721673,False,0.19180283641776102
2024-10-12 00:00:00,0.15560234279676283,0.23008806890721673,False,0.2864828135653442
2024-10-12 02:00:00,0.13321208797807071,0.23008806890721673,False,0.35636409593826185
2024-10-12 04:00:00,0.14192685332775323,0.23008806890721673,False,0.385546728839313
2024-10-12 05:00:00,0.15061101998009535,0.23008806890721673,False,0.30683717152529894
2024-10-12 06:00:00,0.14946124761603638,0.23008806890721673,False,0.2398952919833974
2024-10-12 07:00:00,0.13557045895011316,0.23008806890721673,False,0.20549264652057062
2024-10-12 08:00:00,0.11093330956801808,0.23008806890721673,False,0.1510387550335582
2024-10-12 09:00:00,0.08737435813680483,0.23008806890721673,False,0.11952674605341047
2024-10-12 12:00:00,0.05343973897393635,0.23008806890721673,False,0.12722153894391208
2024-10-12 20:00:00,0.032242172972366256,0.23008806890721673,False,0.24936110863440755
2024-10-12 21:00:00,0.057086869363322724,0.23008806890721673,False,0.39452398721156057
2024-10-12 22:00:00,0.09678592302228396,0.23008806890721673,False,0.5583742199513656
2024-10-12 23:00:00,0.15439331709198323,0.23008806890721673,False,0.657154596938559
2024-10-13 01:00:00,0.19394324710733613,0.23008806890721673,False,0.5717077896425747
2024-10-13 02:00:00,0.20310430204402424,0.23008806890721673,False,0.5147093237870161
2024-10-13 03:00:00,0.1839480272481776,0.23008806890721673,False,0.4597465174262851
2024-10-13 04:00:00,0.16992641906648856,0.23008806890721673,False,0.4144022021786928
2024-10-13 05:00:00,0.14413554501657785,0.23008806890721673,False,0.40050882612639577
2024-10-13 06:00:00,0.0968089247808061,0.23008806890721673,False,0.4189407975524151
2024-10-13 16:00:00,0.03619596610280234,0.23008806890721673,False,0.55501538178488
2024-10-14 03:00:00,0.03054409114537105,0.23008806890721673,False,0.7810291036985203
2024-10-14 04:00:00,0.062423704336411735,0.23008806890721673,False,1.0116646979652224
2024-10-14 07:00:00,0.11572126560656867,0.23008806890721673,False,1.0957119893584975
2024-10-14 08:00:00,0.15286660705200816,0.23008806890721673,False,1.1019970880488221
2024-10-14 09:00:00,0.16463422396230676,0.23008806890721673,False,1.057314362137051
2024-10-14 23:00:00,0.1859289952711466,0.23008806890721673,False,1.0643373873942483
2024-10-15 00:00:00,0.19135800156878752,0.23008806890721673,False,1.0899866970292502
2024-10-15 01:00:00,0.15606387111355324,0.23008806890721673,False,1.1229643808456908
2024-10-15 02:00:00,0.07778178792330871,0.23008806890721673,False,1.1638811366920014
2024-10-15 04:00:00,0.03761181697229754,0.23008806890721673,False,1.2860207063825022
2024-10-15 05:00:00,0.054288358512640356,0.23008806890721673,False,1.3053594715834973
2024-10-15 06:00:00,0.05621110400613738,0.23008806890721673,False,1.2878527999278528
2024-10-15 07:00:00,0.05172991190140838,0.23008806890721673,False,1.1563084833711945
2024-10-15 11:00:00,0.06677946963578854,0.23008806890721673,False,1.004488998245907
2024-10-15 12:00:00,0.08174605700041579,0.23008806890721673,False,0.9517654173295067
2024-10-15 16:00:00,0.07512309167664641,0.23008806890721673,False,0.9342587456738674
2024-10-15 21:00:00,0.06021121471367141,0.23008806890721673,False,0.9489154940367293
2024-10-16 02:00:00,0.06343285981325972,0.23008806890721673,False,0.8829601264038582
2024-10-16 03:00:00,0.07587576592930584,0.23008806890721673,False,0.835325694224566
2024-10-16 04:00:00,0.05876275675926014,0.23008806890721673,False,0.8267759243462338
2024-10-16 05:00:00,0.032316644818827,0.23008806890721673,False,0.7812789346365233
2024-10-16 06:00:00,0.025346117759454723,0.23008806890721673,False,0.7738196966304222
2024-10-16 23:00:00,0.02411421316316807,0.23008806890721673,False,0.9669310805660768
2024-10-17 00:00:00,0.04011135758604756,0.23008806890721673,False,1.1306591737361924
2024-10-17 01:00:00,0.05988552956490492,0.23008806890721673,False,1.1379264781327736
2024-10-17 03:00:00,0.05890548975604537,0.23008806890721673,False,1.0533448261221083
2024-10-17 04:00:00,0.09050512250186538,0.23008806890721673,False,0.8279973200431376
2024-10-17 06:00:00,0.1425558450157396,0.23008806890721673,False,0.44728828131785736
2024-10-17 07:00:00,0.2005967581884322,0.23008806890721673,False,0.2099710974092268
2024-10-17 08:00:00,0.21113858145401415,0.23008806890721673,False,0.07744966429503287
2024-10-17 16:00:00,0.1704916294240842,0.23008806890721673,False,0.0452353527891623
2024-10-17 22:00:00,0.1529401156095339,0.23008806890721673,False,0.04508267832704932
2024-10-18 00:00:00,0.16023667236795142,0.23008806890721673,False,0.020654764388951266
2024-10-18 01:00:00,0.14056335099292205,0.23008806890721673,False,-0.05030832560122451
2024-10-18 03:00:00,0.10505500726156183,0.23008806890721673,False,-0.05461374543281687
2024-10-18 04:00:00,0.08989818180121556,0.23008806890721673,False,-0.06469025993228414
2024-10-18 05:00:00,0.06990727370196576,0.23008806890721673,False,-0.08885099356168186
2024-10-18 06:00:00,0.06972516693671396,0.23008806890721673,False,-0.1448443525416729
2024-10-18 07:00:00,0.07456897169081439,0.23008806890721673,False,-0.1485085396323845
2024-10-18 14:00:00,0.07624650108377333,0.23008806890721673,False,0.03893753122699916
2024-10-19 00:00:00,0.09410395655168058,0.23008806890721673,False,0.274934081038353
2024-10-19 02:00:00,0.15456355787930942,0.23008806890721673,False,0.3009181000710741
2024-10-19 03:00:00,0.2102825013969046,0.23008806890721673,False,0.3403987093287194
2024-10-19 06:00:00,0.23484834856899917,0.23008806890721673,True,0.18645923024380662
2024-10-19 09:00:00,0.228582643197424,0.23008806890721673,False,-0.03345306498393873
2024-10-19 10:00:00,0.20953603659936437,0.23008806890721673,False,-0.07339270427272936
2024-10-19 13:00:00,0.17176135512014806,0.23008806890721673,False,-0.05067474431029775
2024-10-19 14:00:00,0.09721903572751452,0.23008806890721673,False,0.05066620151290372
2024-10-20 03:00:00,0.06914418494982566,0.23008806890721673,False,0.04599872509972721
2024-10-20 04:00:00,0.08666909184573585,0.23008806890721673,False,0.01572556032644491
2024-10-20 05:00:00,0.1316661770757365,0.23008806890721673,False,0.06340361378062806
2024-10-20 06:00:00,0.13670471565491127,0.23008806890721673,False,0.08050315353729254
2024-10-20 08:00:00,0.13472142825216402,0.23008806890721673,False,0.026151045025029056
2024-10-20 12:00:00,0.11794951806567983,0.23008806890721673,False,0.018211972995138336
2024-10-20 13:00:00,0.11415894692219658,0.23008806890721673,False,0.05424314605383869
2024-10-20 20:00:00,0.1064275463032695,0.23008806890721673,False,0.2642359633717136
2024-10-20 22:00:00,0.11909497295702973,0.23008806890721673,False,0.29852228543483483
2024-10-20 23:00:00,0.14855008352158944,0.23008806890721673,False,0.3163851975020694
2024-10-21 02:00:00,0.1750612834352892,0.23008806890721673,False,0.371806027249129
2024-10-21 03:00:00,0.19525875478079352,0.23008806890721673,False,0.4194404594284264
2024-10-21 04:00:00,0.19251350906739767,0.23008806890721673,False,0.5346587868364632
2024-10-21 05:00:00,0.17085382763659057,0.23008806890721673,False,0.6289098214476261
2024-10-21 06:00:00,0.14817532309929204,0.23008806890721673,False,0.6679944837485913
2024-10-21 07:00:00,0.12969806251425667,0.23008806890721673,False,0.668605181597038
2024-10-21 08:00:00,0.12476284642185022,0.23008806890721673,False,0.6570019224764408
2024-10-21 09:00:00,0.12463422479707778,0.23008806890721673,False,0.5581299408119869
2024-10-21 13:00:00,0.12770998204818673,0.23008806890721673,False,0.5116558345447513
2024-10-21 17:00:00,0.12628797597342267,0.23008806890721673,False,0.5165414173323719
2024-10-21 18:00:00,0.09019751677329318,0.23008806890721673,False,0.35910351200131735
2024-10-22 00:00:00,0.0658667298241146,0.23008806890721673,False,0.3235608972213796
2024-10-22 02:00:00,0.06089725780597633,0.23008806890721673,False,0.45291780512086804
2024-10-22 03:00:00,0.04782652312749017,0.23008806890721673,False,0.528450025377195
2024-10-22 04:00:00,0.05645081994501723,0.23008806890721673,False,0.5264347224773025
2024-10-22 05:00:00,0.05566119605467801,0.23008806890721673,False,0.5403586334220128
2024-10-22 06:00:00,0.07346796983938365,0.23008806890721673,False,0.5566439093807535
2024-10-22 07:00:00,0.09058271757660419,0.23008806890721673,False,0.5715042236930925
2024-10-22 09:00:00,0.09813211182521835,0.23008806890721673,False,0.6105888859940577
2024-10-23 01:00:00,0.08196697870422714,0.23008806890721673,False,0.6905903041413283
2024-10-23 02:00:00,0.057315868362410934,0.23008806890721673,False,0.7481180414655512
2024-10-23 03:00:00,0.053618136280039225,0.23008806890721673,False,0.7892943438974601
2024-10-23 04:00:00,0.05817057752149771,0.23008806890721673,False,0.7020825272894848
2024-10-23 05:00:00,0.08871660656327568,0.23008806890721673,False,0.5887782485493206
2024-10-23 06:00:00,0.11506510356159269,0.23008806890721673,False,0.5403586334220181
2024-10-23 07:00:00,0.12524074900764343,0.23008806890721673,False,0.5793714489172725
2024-10-23 09:00:00,0.09935058092883169,0.23008806890721673,False,0.7267741516621364
2024-10-23 11:00:00,0.06550696380878243,0.23008806890721673,False,0.8815860562448466
2024-10-24 02:00:00,0.05389362006549317,0.23008806890721673,False,1.0600188811801938
2024-10-24 04:00:00,0.07847918328688035,0.23008806890721673,False,1.2334396216307473
2024-10-24 05:00:00,0.09586260420063139,0.23008806890721673,False,1.2535010459524056
2024-10-24 06:00:00,0.11601469920548907,0.23008806890721673,False,1.2820947916424503
2024-10-24 07:00:00,0.1375532071450159,0.23008806890721673,False,1.2894813275237367
2024-10-24 08:00:00,0.15443655047263155,0.23008806890721673,False,1.2860207063825022
2024-10-24 09:00:00,0.12688481608259705,0.23008806890721673,False,1.1898357952512397
2024-10-24 23:00:00,0.09014052179574657,0.23008806890721673,False,1.212736964568208
2024-10-25 01:00:00,0.04095642390028906,0.23008806890721673,False,1.2924330337912526
2024-10-25 02:00:00,0.03822718623185692,0.23008806890721673,False,1.3877018981498423
2024-10-25 03:00:00,0.061802264510094684,0.23008806890721673,False,1.4708004268142738
2024-10-25 04:00:00,0.07920880572753489,0.23008806890721673,False,1.5951210602492367
2024-10-25 05:00:00,0.08920831834046791,0.23008806890721673,False,1.832137257361141
2024-10-25 06:00:00,0.1073149639950006,0.23008806890721673,False,1.7198604579231473
2024-10-25 07:00:00,0.09892705875484079,0.23008806890721673,False,1.608469170365413
2024-10-25 08:00:00,0.09490103760807697,0.23008806890721673,False,1.5560431089136475
2024-10-25 09:00:00,0.0936747733885151,0.23008806890721673,False,1.533353335005758
2024-10-26 00:00:00,0.0830140526166891,0.23008806890721673,False,1.6545768579235807
2024-10-26 02:00:00,0.07936972690229316,0.23008806890721673,False,1.838527774132446
2024-10-26 03:00:00,0.14788390880492971,0.23008806890721673,False,1.9474064762565417
2024-10-26 04:00:00,0.20497262550585588,0.23008806890721673,False,1.9313756577346681
2024-10-26 05:00:00,0.1837107805704671,0.23008806890721673,False,1.8516795885116184
2024-10-26 07:00:00,0.14719815257258434,0.23008806890721673,False,1.7971748055372314
2024-10-26 08:00:00,0.12415544310879706,0.23008806890721673,False,1.6658747681199466
2024-10-26 09:00:00,0.11074697696424213,0.23008806890721673,False,1.4748790160164336
2024-10-26 11:00:00,0.1105741378836039,0.23008806890721673,False,1.3384185817797205
2024-10-26 15:00:00,0.10280493336453128,0.23008806890721673,False,1.2811351235948816
2024-10-27 02:00:00,0.10278906412326672,0.23008806890721673,False,1.2501116728934965
2024-10-27 03:00:00,0.11925734200161187,0.23008806890721673,False,1.2468924228066565
2024-10-27 06:00:00,0.1323900142080692,0.23008806890721673,False,1.3203070284456233
2024-10-27 07:00:00,0.15171336159255053,0.23008806890721673,False,1.2508445103116377
2024-10-27 10:00:00,0.1280239222095919,0.23008806890721673,False,1.1296820571786674
2024-10-27 11:00:00,0.07106237887988062,0.23008806890721673,False,1.1186894959065221
2024-10-27 19:00:00,0.040634110900422904,0.23008806890721673,False,1.1760950936610557
2024-10-28 01:00:00,0.04224813424260093,0.23008806890721673,False,1.2713639580196403
2024-10-28 02:00:00,0.0603455347644401,0.23008806890721673,False,1.3276354026270516
2024-10-28 03:00:00,0.08249866369829467,0.23008806890721673,False,1.3348765342587035
2024-10-28 04:00:00,0.08367511021182375,0.23008806890721673,False,1.3655859117808793
2024-10-28 05:00:00,0.05871103594124405,0.23008806890721673,False,1.396175330797118
2024-10-28 06:00:00,0.046632743664930754,0.23008806890721673,False,1.4950459245119185
2024-10-28 07:00:00,0.05730304985962045,0.23008806890721673,False,1.571827299458266
2024-10-28 08:00:00,0.07262631198087205,0.23008806890721673,False,1.6173242891679764
2024-10-28 14:00:00,0.07816444442040388,0.23008806890721673,False,1.7174787363141817
2024-10-28 20:00:00,0.08412736366204465,0.23008806890721673,False,1.7485225436105176
2024-10-28 21:00:00,0.0844100392764617,0.23008806890721673,False,1.7367157185404383
2024-10-28 22:00:00,0.0861307419715826,0.23008806890721673,False,1.7580901432362714
2024-10-29 00:00:00,0.08497132649593561,0.23008806890721673,False,1.802365737249078
2024-10-29 01:00:00,0.07510412313723869,0.23008806890721673,False,1.7961976889797062
2024-10-29 02:00:00,0.07773456805413209,0.23008806890721673,False,1.7312194379043604
2024-10-29 03:00:00,0.0980676915917463,0.23008806890721673,False,1.6817529121797123
2024-10-29 04:00:00,0.1097586119130822,0.23008806890721673,False,1.6025657578303811
2024-10-29 07:00:00,0.09547299995480349,0.23008806890721673,False,1.4344202835564566
2024-10-29 08:00:00,0.0836445081036866,0.23008806890721673,False,1.3464797933793005
2024-10-29 09:00:00,0.06995436124478399,0.23008806890721673,False,1.247047080053988
2024-10-29 11:00:00,0.06238105180352713,0.23008806890721673,False,1.1376211292085476
2024-10-29 12:00:00,0.07885573917984134,0.23008806890721673,False,1.1504457840260487
2024-10-29 13:00:00,0.10025476446232123,0.23008806890721673,False,1.2342640637261542
2024-10-29 14:00:00,0.12297220693953761,0.23008806890721673,False,1.374144405914195
2024-10-29 18:00:00,0.14298608700582738,0.23008806890721673,False,1.5434298495052252
2024-10-29 19:00:00,0.14415315461294365,0.23008806890721673,False,1.6414468541818539
2024-10-29 21:00:00,0.12949275495764098,0.23008806890721673,False,1.8515269140495
2024-10-29 22:00:00,0.10668127286839485,0.23008806890721673,False,1.9657274117101204
2024-10-29 23:00:00,0.11311378197298746,0.23008806890721673,False,1.9657274117101204
2024-10-30 00:00:00,0.11748575878276726,0.23008806890721673,False,1.9496049885109707
2024-10-30 01:00:00,0.1315460580438339,0.23008806890721673,False,1.8599240094657246
2024-10-30 03:00:00,0.1373646459472438,0.23008806890721673,False,1.7782901489927796
2024-10-30 04:00:00,0.1257398585982743,0.23008806890721673,False,1.6864349290178509
2024-10-30 05:00:00,0.13398510240342007,0.23008806890721673,False,1.6521776878046535
2024-10-30 06:00:00,0.13784820991742724,0.23008806890721673,False,1.635950573545776
2024-10-30 07:00:00,0.12666899587374578,0.23008806890721673,False,1.5436588611983946
2024-10-30 10:00:00,0.12965835219114344,0.23008806890721673,False,1.650149298522299
2024-10-30 21:00:00,0.13305973559719392,0.23008806890721673,False,1.728471297586332
2024-10-30 22:00:00,0.14976391955154067,0.23008806890721673,False,1.7693269836477954
2024-10-31 00:00:00,0.15019152533733768,0.23008806890721673,False,1.9260875695469315
2024-10-31 01:00:00,0.15145263071921494,0.23008806890721673,False,2.0217371286681916
2024-10-31 02:00:00,0.15195643216487265,0.23008806890721673,False,1.7891921122324654
2024-10-31 04:00:00,0.1300628164062004,0.23008806890721673,False,1.6927454734518577
2024-10-31 05:00:00,0.10207331512762782,0.23008806890721673,False,1.6169753189688596
2024-10-31 06:00:00,0.11100254507600898,0.23008806890721673,False,1.4155996862268718
2024-10-31 08:00:00,0.1025952983848597,0.23008806890721673,False,1.2151797559620106
2024-10-31 15:00:00,0.10739951497293207,0.23008806890721673,False,1.201744403296063
2024-10-31 16:00:00,0.12214839157122426,0.23008806890721673,False,1.1624852558955392
2024-10-31 17:00:00,0.1264188225384367,0.23008806890721673,False,1.1504457840260487
2024-10-31 22:00:00,0.1275970039190496,0.23008806890721673,False,1.381289570741092
2024-11-01 02:00:00,0.16798845000776247,0.23008806890721673,False,1.5592643722901
2024-11-01 03:00:00,0.19630862947475694,0.23008806890721673,False,1.3800681750441879
2024-11-01 06:00:00,0.12885834209120575,0.23008806890721673,False,1.210904871022847
2024-11-01 23:00:00,0.09923790117625525,0.23008806890721673,False,1.24937883547535
2024-11-02 00:00:00,0.09980561050302564,0.23008806890721673,False,1.3281588579257217
2024-11-02 02:00:00,0.10514983353012311,0.23008806890721673,False,1.318165620405594
2024-11-02 03:00:00,0.10114971792910052,0.23008806890721673,False,1.2805244257464297
2024-11-02 04:00:00,0.0967365495288269,0.23008806890721673,False,1.2603713967475003
2024-11-02 05:00:00,0.09545352474093852,0.23008806890721673,False,1.250752905634372
2024-11-02 06:00:00,0.048346156351832065,0.23008806890721673,False,1.234722087112493
2024-11-02 08:00:00,0.03215577440176323,0.23008806890721673,False,1.1731637439884801
2024-11-02 09:00:00,0.027391193615199205,0.23008806890721673,False,1.1128878663462236
2024-11-02 15:00:00,0.0269928461336216,0.23008806890721673,False,1.0618945960004407
2024-11-02 22:00:00,0.01637515703127082,0.23008806890721673,False,1.37675754986573
2024-11-02 23:00:00,0.07673009513556622,0.23008806890721673,False,1.9162608859854673
2024-11-03 00:00:00,0.16504245765714398,0.23008806890721673,False,2.1401834304180465
2024-11-03 01:00:00,0.21445692732542043,0.23008806890721673,False,2.3080671770426258
2024-11-03 03:00:00,0.21318605132980603,0.23008806890721673,False,2.442300745196228
2024-11-03 04:00:00,0.2201524655919756,0.23008806890721673,False,2.536119202164739
2024-11-03 05:00:00,0.24868730409504522,0.23008806890721673,True,2.5629899074966502
2024-11-03 06:00:00,0.29887707784357004,0.23008806890721673,True,2.6097082929032696
2024-11-03 07:00:00,0.3597467919648041,0.23008806890721673,True,2.395536557450981
2024-11-03 13:00:00,0.41739271675634604,0.23008806890721673,True,2.2533660983312402
2024-11-03 15:00:00,0.46038084543522595,0.23008806890721673,True,2.1984032919705143
2024-11-03 20:00:00,0.4715530744328428,0.23008806890721673,True,2.1711836164394915
2024-11-04 00:00:00,0.4612420292102037,0.23008806890721673,True,2.169089795244796
2024-11-04 01:00:00,0.43684488607796135,0.23008806890721673,True,2.129241760633276
2024-11-04 03:00:00,0.4011020166851735,0.23008806890721673,True,2.0438412183258174
2024-11-04 05:00:00,0.35771420360629375,0.23008806890721673,True,1.9386531404287273
2024-11-04 06:00:00,0.3053067210345553,0.23008806890721673,True,1.856717845761352
2024-11-05 04:00:00,0.2659521887416333,0.23008806890721673,True,1.8118315539000986
2024-11-05 05:00:00,0.23518237550665688,0.23008806890721673,True,1.7976328289235757
2024-11-05 06:00:00,0.2082262596576499,0.23008806890721673,False,1.817938532384618
2024-11-05 07:00:00,0.18889903079102266,0.23008806890721673,False,1.7956044396412107
2024-11-05 09:00:00,0.1836332421875144,0.23008806890721673,False,1.774404500044936
2024-11-05 12:00:00,0.16467313965305175,0.23008806890721673,False,1.850488727707138
2024-11-05 13:00:00,0.1503221308171565,0.23008806890721673,False,1.9045558438901264
2024-11-05 23:00:00,0.14015069525115187,0.23008806890721673,False,2.178250262971585
2024-11-06 00:00:00,0.1708920604780327,0.23008806890721673,False,2.425582891594841
2024-11-06 04:00:00,0.216243516935837,0.23008806890721673,False,2.4133689346257916
2024-11-06 05:00:00,0.24936596078461198,0.23008806890721673,True,2.3378459673671723
2024-11-06 07:00:00,0.25368095316743694,0.23008806890721673,True,2.308532470641448
2024-11-06 08:00:00,0.27679806739217894,0.23008806890721673,True,2.2649693574518426
2024-11-06 09:00:00,0.31857770568808824,0.23008806890721673,True,2.2405414435137394
2024-11-06 10:00:00,0.35942043746547286,0.23008806890721673,True,2.222953345478307
2024-11-06 11:00:00,0.39062637218376317,0.23008806890721673,True,2.2478698176951677
2024-11-06 12:00:00,0.3969600385338698,0.23008806890721673,True,2.281763548284281
2024-11-06 20:00:00,0.3838678173058408,0.23008806890721673,True,2.410402687933309
2024-11-06 21:00:00,0.3807746092203257,0.23008806890721673,True,2.478713604410206
2024-11-07 00:00:00,0.38930636423618004,0.23008806890721673,True,2.4933703527730677
2024-11-07 03:00:00,0.40200883729178655,0.23008806890721673,True,2.5034468672725296
2024-11-07 04:00:00,0.42106154166630694,0.23008806890721673,True,2.471385230228772
2024-11-07 05:00:00,0.4424633349672339,0.23008806890721673,True,2.359220392063
2024-11-07 07:00:00,0.45895271909861673,0.23008806890721673,True,2.2080217830836477
2024-11-07 08:00:00,0.4606934497727871,0.23008806890721673,True,1.9950409084358391
2024-11-07 13:00:00,0.43981141203759677,0.23008806890721673,True,1.9722706029435386
2024-11-07 14:00:00,0.4025795895289954,0.23008806890721673,True,2.105699358575427
2024-11-07 23:00:00,0.3701010739230154,0.23008806890721673,True,2.2399307456652875
2024-11-08 03:00:00,0.3515790830670015,0.23008806890721673,True,2.2597784257399907
2024-11-08 04:00:00,0.35297195489357014,0.23008806890721673,True,2.2594730768157647
2024-11-08 05:00:00,0.3300840397380166,0.23008806890721673,True,2.1630438865451183
2024-11-08 06:00:00,0.29271172549447566,0.23008806890721673,True,1.906337045948113
2024-11-08 07:00:00,0.2710319950287795,0.23008806890721673,True,1.7375613001767531
2024-11-08 12:00:00,0.2585252641492487,0.23008806890721673,True,1.701905941178647
2024-11-08 16:00:00,0.24020528238650773,0.23008806890721673,True,1.7751896829929412
2024-11-08 17:00:00,0.22181041945193516,0.23008806890721673,False,2.0330920820701848
2024-11-08 20:00:00,0.26720902069104924,0.23008806890721673,True,2.266496102072967
2024-11-08 21:00:00,0.3113480214776535,0.23008806890721673,True,2.280847501511603
2024-11-09 00:00:00,0.32374614609308916,0.23008806890721673,True,2.1642805496882316
2024-11-09 01:00:00,0.255156535168396,0.23008806890721673,True,2.067917518351169
2024-11-09 03:00:00,0.21745818049864704,0.23008806890721673,False,2.086645585703712
2024-11-09 04:00:00,0.22325533673760958,0.23008806890721673,False,2.0075602143291142
2024-11-09 06:00:00,0.25560039149794933,0.23008806890721673,True,1.8237401619449165
2024-11-09 07:00:00,0.26413514982943254,0.23008806890721673,True,1.7281659486621008
2024-11-09 10:00:00,0.24224267967651622,0.23008806890721673,True,1.7183947830868647
2024-11-09 16:00:00,0.20519813800080897,0.23008806890721673,False,1.7446547905703238
2024-11-09 17:00:00,0.17804288635821602,0.23008806890721673,False,1.802671086173304
2024-11-09 19:00:00,0.1928464085417236,0.23008806890721673,False,1.869359291224311
2024-11-09 20:00:00,0.2080331269212263,0.23008806890721673,False,1.9268870285485444
2024-11-10 02:00:00,0.198707778296214,0.23008806890721673,False,1.9547348504379753
2024-11-10 04:00:00,0.1605048211536929,0.23008806890721673,False,1.757868071291385
2024-11-10 05:00:00,0.13293503994697387,0.23008806890721673,False,1.475511524502331
2024-11-10 06:00:00,0.11134176029877688,0.23008806890721673,False,1.2702647018924256
2024-11-10 07:00:00,0.1237912867571885,0.23008806890721673,False,1.1434838285536884
2024-11-10 08:00:00,0.14426480087459867,0.23008806890721673,False,1.0395208475525899
2024-11-10 20:00:00,0.1728301183744076,0.23008806890721673,False,1.0496806390313915
2024-11-11 00:00:00,0.18923136886700379,0.23008806890721673,False,1.146781596935337
2024-11-11 01:00:00,0.20006432433956245,0.23008806890721673,False,1.2497859673743195
2024-11-11 02:00:00,0.18942338601293618,0.23008806890721673,False,1.2912879753254052
2024-11-11 03:00:00,0.13758512510234708,0.23008806890721673,False,1.2882453914018657
2024-11-11 04:00:00,0.08006318310887767,0.23008806890721673,False,1.2332564122762053
2024-11-11 05:00:00,0.05485640496279118,0.23008806890721673,False,1.210904871022847
2024-11-11 06:00:00,0.06862015014814965,0.23008806890721673,False,1.140267486551848
2024-11-11 07:00:00,0.054592359990916633,0.23008806890721673,False,0.8576772354779296
2024-11-11 13:00:00,0.06517626537591512,0.23008806890721673,False,0.7180717073216912
2024-11-11 19:00:00,0.07063877342391524,0.23008806890721673,False,0.7185951626203665
2024-11-12 02:00:00,0.07543023724786646,0.23008806890721673,False,0.7528814846834773
2024-11-12 03:00:00,0.10050487933258695,0.23008806890721673,False,0.6988347250954398
2024-11-12 04:00:00,0.11020931225722393,0.23008806890721673,False,0.5526598329408436
2024-11-12 05:00:00,0.08624145891693717,0.23008806890721673,False,0.23653645381690658
2024-11-12 06:00:00,0.10100805715283727,0.23008806890721673,False,-0.011712221579032296
2024-11-12 07:00:00,0.14507234072799965,0.23008806890721673,False,-0.1388900485192614
2024-11-12 13:00:00,0.14697086605404025,0.23008806890721673,False,-0.17660064066119935
